authors,title,journal,pub_year,doi,drop_no_equity,drop_no_dist_equity,drop_no_flood,drop_no_eng,analysis_type,equity_use_fair,equity_use_how,drop_equity_use_not_fair,drop_not_quant,equity_measured,equity_measure_flood,equity_defined,equity_definition,equity_defined_cat,equity_in_title,equity_in_abstract,equity_in_methods,equity_in_results,equity_in_remainder
"Georgic, W; Klaiber, HA","Stocks, flows, and flood insurance: A nationwide analysis of the capitalized impact of annual premium discounts on housing values",JOURNAL OF ENVIRONMENTAL ECONOMICS AND MANAGEMENT,2022,10.1016/j.jeem.2021.102567,,,,,,No,Wealth,Yes,,,,,,,,,,,
"Ahmad, D; Afzal, M; Rauf, A","Flood hazards adaptation strategies: a gender-based disaggregated analysis of farm-dependent Bait community in Punjab, Pakistan",ENVIRONMENT DEVELOPMENT AND SUSTAINABILITY,2021,10.1007/s10668-020-00612-5,,,,,Quantitative,Yes,,,,No,,No,,0,No,Yes,No,No,Yes
"Gould, CC",Solidarity and the problem of structural injustice in healthcare,BIOETHICS,2018,10.1111/bioe.12474,,,Yes,,Quantitative,,,,,,,,,,,,,,
"Pallathadka, A; Sauer, J; Chang, HEJ; Grimm, NB",Urban flood risk and green infrastructure: Who is exposed to risk and who benefits from investment? A case study of three US Cities,LANDSCAPE AND URBAN PLANNING,2022,10.1016/j.landurbplan.2022.104417,,,,,Quantitative,Yes,,,,Yes,Yes,Yes,"Relationships between GI density, flood area, ethnic and racial minority populations, age, educational attainment, and median household incomes",2,No,Yes,Yes,Yes,Yes
"Miller, AC; Ravens, TM","Assessing Coastal Road Flood Risk in Arctic Alaska, a Case Study from Hooper Bay",JOURNAL OF MARINE SCIENCE AND ENGINEERING,2022,10.3390/jmse10030406,,,,,Quantitative,Yes,,,,No,,Yes,"To appropriately plan and make equitable decisions, there is a need to forecast the risk of flood exposure in coastal Alaskan communities and to evaluate methods to mitigate that risk; By using the maximum water level over the whole community, a more equitable return period is assessed",0,No,Yes,No,No,Yes
"Mazumder, LT; Landry, S; Alsharif, K",Coastal cities in the Southern US floodplains: An evaluation of environmental equity of flood hazards and social vulnerabilities,APPLIED GEOGRAPHY,2022,10.1016/j.apgeog.2021.102627,,,,,Quantitative,Yes,,,,Yes,Yes,Yes,"Environmental equity is based on the notion of fair distribution of social benefits across all communities, with particular consideration that the socially disadvantaged groups should not disproportionately bear the environmental burden (i.e., hazard impacts) (Montgomery & Chakraborty, 2015); Environmental justice",2,Yes,Yes,Yes,Yes,Yes
"Wilson, B; Tate, E; Emrich, CT",Flood Recovery Outcomes and Disaster Assistance Barriers for Vulnerable Populations,FRONTIERS IN WATER,2021,10.3389/frwa.2021.752307,,,,,Review,Yes,,,Yes,No,,No,,0,Yes,Yes,No,Yes,Yes
"McGee, K",A Place Worth Protecting: Rethinking Cost-Benefit Analysis Under FEMA's Flood-Mitigation Programs,UNIVERSITY OF CHICAGO LAW REVIEW,2021,,,,,,Comment,Yes,,,Yes,No,,Yes,distributional effects of policies; full range of social costs,0,No,Yes,,,Yes
"Dasgupta, S; Wheeler, D; Bandyopadhyay, S; Ghosh, S; Roy, U","Coastal dilemma: Climate change, public assistance and population displacement",WORLD DEVELOPMENT,2022,10.1016/j.worlddev.2021.105707,,,,,Quantitative,Yes,,,,No,,Yes,Equity concerns should be reflected in higher income shares for public assistance in poorer households,0,No,Yes,Yes,No,Yes
"Bessah, E; Raji, AO; Taiwo, OJ; Agodzo, SK; Ololade, OO; Strapasson, A; Donkor, E","Gender-based variations in the perception of climate change impact, vulnerability and adaptation strategies in the Pra River Basin of Ghana",INTERNATIONAL JOURNAL OF CLIMATE CHANGE STRATEGIES AND MANAGEMENT,2021,10.1108/IJCCSM-02-2020-0018,,,,,Quantitative,Yes,,,,Yes,No,No,,0,No,Yes,Yes,Yes,Yes
"Sok, S; Chhinh, N; Hor, S; Nguonphan, P",Climate Change Impacts on Rice Cultivation: A Comparative Study of the Tonle Sap and Mekong River,SUSTAINABILITY,2021,10.3390/su13168979,,,,,Quantitative,Yes,,,,No,,No,,0,No,Yes,No,No,No
"Bick, IA; Tate, ASF; Serafin, KA; Miltenberger, A; Anyansi, I; Evans, M; Ortolano, L; Ouyang, DR; Suckale, J","Rising Seas, Rising Inequity? Communities at Risk in the San Francisco Bay Area and Implications for Adaptation Policy",EARTHS FUTURE,2021,10.1029/2020EF001963,,,,,Quantitative,Yes,,,,Yes,Yes,No,,0,Yes,Yes,Yes,Yes,Yes
"Esmalian, A; Coleman, N; Yu, SM; Koceich, M; Esparza, M; Mostafavi, A",Disruption Tolerance Index for determining household susceptibility to infrastructure service disruptions,INTERNATIONAL JOURNAL OF DISASTER RISK REDUCTION,2021,10.1016/j.ijdrr.2021.102347,,,,,Quantitative,Yes,,,,No,,Yes,Equitable infrastructure systems consider how different subpopulations in a community have distinct needs for accessing and using these services,0,No,No,No,No,Yes
"Scott, CA; Zilio, MI; Harmon, T; Zuniga-Teran, A; Diaz-Caravantes, R; Hoyos, N; Perillo, GME; Meza, F; Varady, RG; Neto, AR; Velez, MI; Martin, F; Escobar, J; Piccolo, MC; Mussetta, P; Montenegro, S; Rusak, JA; Pineda, N",Do ecosystem insecurity and social vulnerability lead to failure of water security?,ENVIRONMENTAL DEVELOPMENT,2021,10.1016/j.envdev.2020.100606,,,,,Socio-ecological systems perspective,Yes,,,Yes,No,,Yes,equity in terms of water access,0,No,Yes,,,Yes
"Zhu, R; Newman, G; Atoba, K","Simulating the Impact of Land Use Change on Contaminant Transferal during Flood Events in Houston, Texas",LANDSCAPE JOURNAL,2021,https://muse.jhu.edu/article/845316,,,,,Quantitative,Yes,,,,Yes,Yes,Yes,"how land use patterns are projected to change by 2045, how urbanization could increase direct runoff and non–point source pollutants by 2045, and how these effects differ by socioeconomic conditions across neighborhoods in Houston",1,No,Yes,,,
"Sharifi, A",Trade-offs and conflicts between urban climate change mitigation and adaptation measures: A literature review,JOURNAL OF CLEANER PRODUCTION,2020,10.1016/j.jclepro.2020.122813,,,,,Review,Yes,,,Yes,No,,No,,0,No,Yes,No,No,Yes
"Hudson, P; Pham, M; Hagedoorn, L; Thieken, A; Lasage, R; Bubeck, P",Self-stated recovery from flooding: Quantitative results from a survey in Central Vietnam,JOURNAL OF FLOOD RISK MANAGEMENT,2021,10.1111/jfr3.12680,,,,,Quantitative,Yes,,,,Yes,Yes,Yes,Gender based inequalities,1,No,Yes,Yes,Yes,Yes
"Frontuto, V; Dalmazzone, S; Salcuni, F; Pezzoli, A","Risk Aversion, Inequality and Economic Evaluation of Flood Damages: A Case Study in Ecuador",SUSTAINABILITY,2020,10.3390/su122310068,,,,,Quantitative,Yes,,,,Yes,Yes,Yes,[a social welfare approach to CBA for flood and other disater risk management] would enable decision makers to improve the effectiveness and equitability of flood management policies. Distributive justice based on Lamont and favor,3,Yes,Yes,Yes,Yes,Yes
"Gao, Z; Huang, BS; Ma, ZQ; Chen, XH; Qiu, J; Liu, D",Comprehensive Comparisons of State-of-the-Art Gridded Precipitation Estimates for Hydrological Applications over Southern China,REMOTE SENSING,2020,10.3390/rs12233997,,,,,Quantitative,No,Equitable threat score: prediction metric,Yes,,,,,,,,,,,
"Huang, X; Wang, CZ",Estimates of exposure to the 100-year floods in the conterminous United States using national building footprints,INTERNATIONAL JOURNAL OF DISASTER RISK REDUCTION,2020,10.1016/j.ijdrr.2020.101731,,,,,Quantitative,Yes,,,,Yes,Yes,Yes,Distribution of population demographics in the FEMA floodplains relative to the US,0,No,Yes,No,Yes,Yes
"Johri, M; Chandra, D; Kone, KG; Sylvestre, MP; Mathur, AK; Harper, S; Nandi, A",Social and Behavior Change Communication Interventions Delivered Face-to-Face and by a Mobile Phone to Strengthen Vaccination Uptake and Improve Child Health in Rural India: Randomized Pilot Study,JMIR MHEALTH AND UHEALTH,2020,10.2196/20356,,,Yes,,,,,,,,,,,,,,,,
"Roberts, PS; Velotti, L; Wernstedt, K",How Public Managers Make Tradeoffs Regarding Lives: Evidence From a Flood Planning Survey Experiment,ADMINISTRATION & SOCIETY,2021,10.1177/0095399720944811,,,,,Quantitative,Yes,,,,No,,Yes,managers could hold social equity as a value as long as they do not show a preference for protecting high-income areas; environmental justice,2,No,Yes,No,Yes,Yes
"Tieges, Z; McGregor, D; Georgiou, M; Smith, N; Saunders, J; Millar, R; Morison, G; Chastin, S",The Impact of Regeneration and Climate Adaptations of Urban Green-Blue Assets on All-Cause Mortality: A 17-Year Longitudinal Study,INTERNATIONAL JOURNAL OF ENVIRONMENTAL RESEARCH AND PUBLIC HEALTH,2020,10.3390/ijerph17124577,,,Yes,,,,,,,,,,,,,,,,
"Kind, J; Botzen, WJW; Aerts, JCJH",Social vulnerability in cost-benefit analysis for flood risk management,ENVIRONMENT AND DEVELOPMENT ECONOMICS,2020,10.1017/S1355770X19000275,,,,,Quantitative,Yes,,,,Yes,Yes,Yes,"‘social welfare CBAs’ take social vulnerability and income inequality into account, by valuing the same amount of financial damage higher for poor and more vulnerable people, than for non-poor and less vulnerable people. Distributive justice following lamont and favor",3,No,Yes,Yes,Yes,Yes
"Dong, SJ; Esmalian, A; Farahmand, H; Mostafavi, A",An integrated physical-social analysis of disrupted access to critical facilities and community service-loss tolerance in urban flooding,COMPUTERS ENVIRONMENT AND URBAN SYSTEMS,2020,10.1016/j.compenvurbsys.2019.101443,,,,,Quantitative,Yes,,,,No,,No,,0,,Yes,No,No,No
"Debbage, N","Multiscalar spatial analysis of urban flood risk and environmental justice in the Charlanta megaregion, USA",ANTHROPOCENE,2019,10.1016/j.ancene.2019.100226,,,,,Quantitative,Yes,,,,Yes,Yes,Yes,socio-economic inequities in urban flood risk defined by risk ratio calculations that indicate if for a particular group the proportion is above one it means the group is disproportionately at risk and there are socio-economic flood risk disparities; environmental justice,2,Yes,Yes,Yes,Yes,Yes
"Heidi, MW; Culham, A; Fletcher, AJ; Reed, MG",Social dimensions of climate hazards in rural communities of the global North: An intersectionality framework,JOURNAL OF RURAL STUDIES,2019,10.1016/j.jrurstud.2019.09.012,,,Yes,,,,,,,,,,,,,,,,
"Bosisio, A; Jimenez, AM",MEASURING ENVIRONMENTAL INJUSTICE ON VULNERABLE AND DEPRIVED POPULATIONS CAUSED BY PLUVIAL WATERLOGGING: A GIS-BASED ANALYSIS IN SANTA FE DE LA VERA CRUZ (ARGENTINA),ESTUDIOS GEOGRAFICOS,2019,10.3989/estgeogr.201937.017,,,,Yes,,,,,,,,,,,,,,,
"Arfan, M; Lund, J; Hassan, D; Saleem, M; Ahmad, A",Assessment of Spatial and Temporal Flow Variability of the Indus River,RESOURCES-BASEL,2019,10.3390/resources8020103,,,,,Quantitative,Yes,,,,No,,No,,0,No,Yes,No,No,No
"Domisch, S; Kakouei, K; Martinez-Lopez, J; Bagstad, KJ; Magrach, A; Balbi, S; Villa, F; Funk, A; Hein, T; Borgwardt, F; Hermoso, V; Jahnig, SC; Langhans, SD",Social equity shapes zone-selection: Balancing aquatic biodiversity conservation and ecosystem services delivery in the transboundary Danube River Basin,SCIENCE OF THE TOTAL ENVIRONMENT,2019,10.1016/j.scitotenv.2018.11.348,,,Yes,,,,,,,,,,,,,,,,
"Chakraborty, J; Collins, TW; Grineski, SE","Exploring the Environmental Justice Implications of Hurricane Harvey Flooding in Greater Houston, Texas",AMERICAN JOURNAL OF PUBLIC HEALTH,2019,10.2105/AJPH.2018.304846,,,,,Quantitative,Yes,,,,,,Yes,"whether the areal extent of flooding was distributed inequitably with respect to race, ethnicity, and socioeconomic status, after controlling for relevant explanatory factors",0,Yes,Yes,Yes,No,Yes
"Moon, SH; Kim, YH; Lee, YH; Moon, BR",Application of machine learning to an early warning system for very short-term heavy rainfall,JOURNAL OF HYDROLOGY,2019,10.1016/j.jhydrol.2018.11.060,,,,,Quantitative,No,Equitable threat score: prediction metric,Yes,,,,,,,,,,,
"King, B; Yurco, K; Young, KR; Crews, KA; Shinn, JE; Eisenhart, AC",Livelihood Dynamics Across a Variable Flooding Regime,HUMAN ECOLOGY,2018,10.1007/s10745-018-0039-2,,,,,Quantitative,Yes,,,,No,Yes,No,,0,No,Yes,No,No,No
"Sun, WW; Ma, J; Yang, G; Li, WY",Statistical and Hydrological Evaluations of Multi-Satellite Precipitation Products over Fujiang River Basin in Humid Southeast China,REMOTE SENSING,2018,10.3390/rs10121898,,,,,Quantitative,No,Equitable threat score: prediction metric,Yes,,,,,,,,,,,
"Martin, DM; Mazzotta, M",Non-monetary valuation using Multi-Criteria Decision Analysis: Using a strength-of-evidence approach to inform choices among alternatives,ECOSYSTEM SERVICES,2018,10.1016/j.ecoser.2018.06.001,,,,,Quantitative,Yes,,,,No,,Yes,Whether socially vulnerable populations have access to and benefit from ecosystem services,1,No,Yes,,,
"Sovacool, BK; Tan-Mullins, M; Abrahamse, W","Bloated bodies and broken bricks: Power, ecology, and inequality in the political economy of natural disaster recovery",WORLD DEVELOPMENT,2018,10.1016/j.worlddev.2018.05.028,,,,,Qualitative,Yes,,,Yes,No,,Yes,"enclosure, exclusion, encroachment, and entrenchment",0,,,,,
"Teixeira, M; Ely, GL; Nicolini, G; Dametto, N; Lucheta, F; Perico, E; de Freitas, EM",Structure of the arboreal community of a riparian forest in southernmost Brazil,BRAZILIAN JOURNAL OF BOTANY,2018,10.1007/s40415-017-0426-8,,,Yes,,,,,,,,,,,,,,,,
"Scussolini, P; Tran, TTV; Koks, E; Diaz-Loaiza, A; Ho, PL; Lasage, R","Adaptation to Sea Level Rise: A Multidisciplinary Analysis for Ho Chi Minh City, Vietnam",WATER RESOURCES RESEARCH,2017,10.1002/2017WR021344,,,,,Quantitative,Yes,,,,No,,No,,0,No,Yes,No,No,Yes
"Ramm, TD; Graham, S; White, CJ; Watson, CS",Advancing values-based approaches to climate change adaptation: A case study from Australia,ENVIRONMENTAL SCIENCE & POLICY,2017,10.1016/j.envsci.2017.06.014,,,,,Quantitative,Yes,,,,No,,No,,0,No,Yes,No,No,No
"Klaus, JS; Meeder, JF; McNeill, DF; Woodhead, JF; Swart, PK",Expanded Florida reef development during the mid-Pliocene warm period,GLOBAL AND PLANETARY CHANGE,2017,10.1016/j.gloplacha.2017.02.001,,,Yes,,,,,,,,,,,,,,,,
"Trigg, MA; Birch, CE; Neal, JC; Bates, PD; Smith, A; Sampson, CC; Yamazaki, D; Hirabayashi, Y; Pappenberger, F; Dutra, E; Ward, PJ; Winsemius, HC; Salamon, P; Dottori, F; Rudari, R; Kappes, MS; Simpson, AL; Hadzilacos, G; Fewtrell, TJ",The credibility challenge for global fluvial flood risk analysis,ENVIRONMENTAL RESEARCH LETTERS,2016,10.1088/1748-9326/11/9/094014,,,,,Quantitative,Yes,,,,No,,No,,0,No,Yes,No,No,Yes
"Fletcher, CS; Rambaldi, AN; Lipkin, F; McAllister, RRJ","Economic, equitable, and affordable adaptations to protect coastal settlements against storm surge inundation",REGIONAL ENVIRONMENTAL CHANGE,2016,10.1007/s10113-015-0814-1,,,,,Quantitative,Yes,,,,Yes,Yes,Yes,distributions of costs and benefits,0,Yes,No,Yes,Yes,Yes
"Montgomery, MC; Chakraborty, J","Assessing the environmental justice consequences of flood risk: a case study in Miami, Florida",ENVIRONMENTAL RESEARCH LETTERS,2015,10.1088/1748-9326/10/9/095010,,,,,Quantitative,Yes,,,,Yes,Yes,Yes,"Environmental justice (EJ) is broadly defined as equitable environmental quality for all social groups, with particular consideration that socially vulnerable groups are not disproportionately exposed to environmental hazards",2,Yes,Yes,Yes,Yes,Yes
"Montgomery, MC; Chakraborty, J; Grineski, SE; Collins, TW","An environmental justice assessment of public beach access in Miami, Florida",APPLIED GEOGRAPHY,2015,10.1016/j.apgeog.2015.04.016,,,Yes,,,,,,,,,,,,,,,,
"Reifels, L; Bassilios, B; Spittal, MJ; King, K; Fletcher, J; Pirkis, J",Patterns and Predictors of Primary Mental Health Service Use Following Bushfire and Flood Disasters,DISASTER MEDICINE AND PUBLIC HEALTH PREPAREDNESS,2015,10.1017/dmp.2015.23,,,,,Quantitative,Yes,,,,No,,Yes,access to psychological services after natural disasters including floods,0,Yes,Yes,,,Yes
"Halsnaes, K; Kaspersen, PS; Drews, M",Key drivers and economic consequences of high-end climate scenarios: uncertainties and risks,CLIMATE RESEARCH,2015,10.3354/cr01308,,,,,Quantitative,Yes,,,,Yes,Yes,Yes,"equity concerns (given by alternative discount rates) are taken into consideration. The factor d(t) is a discount factor, which reflects equity in terms of our collective pure time preference for the present versus the future and an ethical parameter reflecting equity among present generations following the prescriptive approach to discounting reflecting equity concerns (IPCC 2014, section 3.6.2 therein) Taken as distributive justice following the definition in Lamont and Favor",3,Yes,Yes,Yes,Yes,Yes
"Cimini, D; Romano, F; Ricciardelli, E; Di Paola, F; Viggiano, M; Marzano, FS; Colaiuda, V; Picciotti, E; Vulpiani, G; Cuomo, V",Validation of satellite OPEMW precipitation product with ground-based weather radar and rain gauge networks,ATMOSPHERIC MEASUREMENT TECHNIQUES,2013,10.5194/amt-6-3181-2013,,,,,Quantitative,No,Equitable threat score: prediction metric,Yes,,,,,,,,,,,
"Brown, A; Dayal, A; del Rio, CR",From practice to theory: emerging lessons from Asia for building urban climate change resilience,ENVIRONMENT AND URBANIZATION,2012,10.1177/0956247812456490,,,,,Qualitative,Yes,,,Yes,,,No,,0,,,,,
"Nandi, S; Swain, S",Analysis of heatwave characteristics under climate change over three highly populated cities of South India: a CMIP6-based assessment,ENVIRONMENTAL SCIENCE AND POLLUTION RESEARCH,,10.1007/s11356-022-22398-x,,,Yes,,,,,,,,,,,,,,,,
"TORRES, PC; MORSELLO, C; PARRY, L",Rural-urban mobility influences wildmeat access and consumption in the Brazilian Amazon,ORYX,,10.1017/S0030605321001575,,,Yes,,,,,,,,,,,,,,,,
"Jafino, BA; Kwakkel, JH; Klijn, F",Evaluating the distributional fairness of alternative adaptation policies: a case study in Vietnam's upper Mekong Delta,CLIMATIC CHANGE,2022,10.1007/s10584-022-03395-y,,,,,Quantitative,Yes,,,,Yes,Yes,Yes,we explore the use of different moral principles drawn from theories of distributive justice to evaluate fairness,3,Yes,Yes,Yes,Yes,Yes
"Poti, M; Huge, J; Shanker, K; Koedam, N; Dahdouh-Guebas, F",Learning from small islands in the Western Indian Ocean (WIO): A systematic review of responses to environmental change,OCEAN & COASTAL MANAGEMENT,2022,10.1016/j.ocecoaman.2022.106268,,,,,Qualitative,,,,Yes,,,Yes,inequality; equality,1,,,,,
"Chakraborty, L; Rus, H; Henstra, D; Thistlethwaite, J; Minano, A; Scott, D",Exploring spatial heterogeneity and environmental injustices in exposure to flood hazards using geographically weighted regression,ENVIRONMENTAL RESEARCH,2022,10.1016/j.envres.2022.112982,,,,,Quantitative,Yes,,,,Yes,Yes,Yes,Distributive environmental justice (EJ) literature focuses on addressing disproportionate environmental burdens and benefits associated with differential hazard exposure,2,Yes,Yes,Yes,Yes,Yes
"Zhang, XY; Shen, JQ; Sun, FH; Wang, S; Zhang, SX; Chen, J","Allocation of Flood Drainage Rights in Watershed Using a Hybrid FBWM-Grey-TOPSIS Method: A Case Study of the Jiangsu Section of the Sunan Canal, China",INTERNATIONAL JOURNAL OF ENVIRONMENTAL RESEARCH AND PUBLIC HEALTH,2022,10.3390/ijerph19138180,,,,,Quantitative,Yes,,,,No,,Yes,the principle of equity refers to the equitable distribution of FDR to all regions with full consideration of all influencing factors,0,No,Yes,Yes,No,No
"Onal, EI; Soysal, S; Erbaydar, NP",The development of perception scale of gender role in disaster management and the examination with related factors,GENDER IN MANAGEMENT,2022,10.1108/GM-08-2021-0251,,,,,Quantitative,Yes,,,,No,,Yes,gender equity,5,No,Yes,,,Yes
"Flores, AB; Collins, TW; Grineski, SE; Amodeo, M; Porter, JR; Sampson, CC; Wing, O","Federally Overlooked Flood Risk Inequities in Houston, Texas: Novel Insights Based on Dasymetric Mapping and State-of-the-Art Flood Modeling",ANNALS OF THE AMERICAN ASSOCIATION OF GEOGRAPHERS,,10.1080/24694452.2022.2085656,,,,,Quantitative,Yes,,,,Yes,Yes,Yes,"Distributional environmental justice (EJ) research examines inequities in exposures to environmental hazards and access to environmental amenities based on race or ethnicity, SES, gender, age, and other social characteristics",2,Yes,Yes,Yes,Yes,Yes
"Corburn, J; Njoroge, P; Weru, J; Musya, M","Urban Climate Justice, Human Health, and Citizen Science in Nairobi's Informal Settlements",URBAN SCIENCE,2022,10.3390/urbansci6020036,,,,,Qualitative,Yes,,,Yes,,,Yes,Climate justice,4,,,,,
"Bosisio, A; Moreno-Jimenez, A",Spatially Disaggregated Assessment of Environmental Inequalities Among Vulnerable Groups due to Urban Rainstorm Flooding,APPLIED SPATIAL ANALYSIS AND POLICY,2022,10.1007/s12061-022-09459-x,,,,,Quantitative,Yes,,,,Yes,Yes,Yes,"Exposure within groups is compared to exposure across the city. Any under or over exposure relative to the city is considered advantageous or discriminatory, and linked to fairness",0,No,Yes,Yes,Yes,Yes
"Watson, CS; Elliott, JR; Ebmeier, SK; Vasquez, MA; Zapata, C; Bonilla-Bedoya, S; Cubillo, P; Orbe, DF; Cordova, M; Menoscal, J; Sevilla, E","Enhancing disaster risk resilience using greenspace in urbanising Quito, Ecuador",NATURAL HAZARDS AND EARTH SYSTEM SCIENCES,2022,10.5194/nhess-22-1699-2022,,,,,Quantitative,Yes,,,,Yes,Yes,No,,0,No,Yes,No,No,Yes
"Carvalho, C; Campo, AGD; Cabral, DD",Scales of inequality: The role of spatial extent in environmental justice analysis,LANDSCAPE AND URBAN PLANNING,2022,10.1016/j.landurbplan.2022.104369,,,,,Quantitative,Yes,,,,Yes,Yes,Yes,Environmental Justice,2,Yes,Yes,Yes,Yes,Yes
"Wu, X; Shen, XJ; Wei, CJ; Xie, XM; Li, JS",Reservoir Operation Sequence- and Equity Principle-Based Multi-Objective Ecological Operation of Reservoir Group: A Case Study in a Basin of Northeast China,SUSTAINABILITY,2022,10.3390/su14106150,,,Yes,,,,,,,,,,,,,,,,
"Banerjee, C; Bhaduri, A; Saraswat, C",Digitalization in Urban Water Governance: Case Study of Bengaluru and Singapore,FRONTIERS IN ENVIRONMENTAL SCIENCE,2022,10.3389/fenvs.2022.816824,,,,,Quantitative,Yes,,,,No,,No,,0,No,Yes,No,No,No
"Oswald-Spring, U",Decolonizing peace with a gender perspective,JOURNAL OF AGGRESSION CONFLICT AND PEACE RESEARCH,,10.1108/JACPR-01-2022-0678,,,,,Qualitative,Yes,,,Yes,,,Yes,gender equity,5,No,Yes,,,
"Menning, N",A Myth for the Sixth Mass Extinction: Telling Noah's Story during a Climate Crisis,RELIGIONS,2022,10.3390/rel13030243,,,Yes,,Qualitative,Yes,,,Yes,,,,,,,,,,
"Herve, MD",Fair strategies to tackle unfair risks? Justice considerations within flood risk management,INTERNATIONAL JOURNAL OF DISASTER RISK REDUCTION,2022,10.1016/j.ijdrr.2021.102745,,,,,Qualitative,Yes,,,Yes,,,Yes,"Justice, fairness",3,,,,,
"Wing, OEJ; Lehman, W; Bates, PD; Sampson, CC; Quinn, N; Smith, AM; Neal, JC; Porter, JR; Kousky, C",Inequitable patterns of US flood risk in the Anthropocene,NATURE CLIMATE CHANGE,2022,10.1038/s41558-021-01265-6,,,,,Quantitative,Yes,,,,Yes,Yes,Yes,flood risk is not borne equally,1,Yes,No,No,Yes,Yes
"Gourevitch, JD; Diehl, RM; Wemple, BC; Ricketts, TH",Inequities in the distribution of flood risk under floodplain restoration and climate change scenarios,PEOPLE AND NATURE,2022,10.1002/pan3.10290,,,,,Quantitative,Yes,,,,Yes,Yes,No,,0,Yes,No,Yes,Yes,Yes
"Sakti, AD; Rahadianto, MAE; Pradhan, B; Muhammad, HN; Andani, IGA; Sarli, PW; Abdillah, MR; Anggraini, TS; Purnomo, AD; Ridwana, R; Yulianto, F; Manessa, MDM; Fauziyyah, AN; Yayusman, LF; Wikantika, K","School Location Analysis by Integrating the Accessibility, Natural and Biological Hazards to Support Equal Access to Education",ISPRS INTERNATIONAL JOURNAL OF GEO-INFORMATION,2022,10.3390/ijgi11010012,,,,,Quantitative,Yes,,,,No,,No,,0,No,Yes,No,No,Yes
"Hirani, S; Richter, S; Salami, B",Humanitarian aid and breastfeeding practices of displaced mothers: a qualitative study in disaster relief camps,EASTERN MEDITERRANEAN HEALTH JOURNAL,2021,10.26719/emhj.20.087,,,,,Qualitative,Yes,,,Yes,,,,,0,,,,,
"Liu, S; Xiao, CL",Application and Comparative Study of Optimization Algorithms in Financial Investment Portfolio Problems,MOBILE INFORMATION SYSTEMS,2021,10.1155/2021/3462715,,,Yes,,,,,,,,,,,,,,,,
"Du, HM; Triyanti, A; Hegger, DLT; Gilissen, HK; Driessen, PPJ; van Rijswick, HFMW",Enriching the concept of solution space for climate adaptation by unfolding legal and governance dimensions,ENVIRONMENTAL SCIENCE & POLICY,2022,10.1016/j.envsci.2021.10.021,,,,,Qualitative,Yes,,,Yes,,,Yes,"In the context of climate adaptation, equity and distributive justice encompasses the distributive effects of climate change impacts and the allocation of natural resources and economic advantages in adaptation activities",3,,,,,
"Rudge, K",Participatory climate adaptation planning in New York City: Analyzing the role of community-based organizations,URBAN CLIMATE,2021,10.1016/j.uclim.2021.101018,,,,,Qualitative,Yes,,,Yes,,,Yes,"For this study, equity is defined as a state of fairness that has been created after acknowledging and accounting for systemic disparities. While this is the definition of equity used in this study it is important to recognize that there are many valid variations of this term that are used by different groups like community members, scholars, and others; climate justice",4,,,,,
"Eakin, HC; Parajuli, J; Aguilar, BH; Yogya, Y",Attending to the social-political dimensions of urban flooding in decision-support research: A synthesis of contemporary Quantitative cases,WILEY INTERDISCIPLINARY REVIEWS-CLIMATE CHANGE,2022,10.1002/wcc.743,,,,,Review,Yes,,,Yes,,,Yes,"Justice, fairness",3,,,,,
"Roslan, AF; Fernando, T; Biscaya, S; Sulaiman, N",Transformation towards Risk-Sensitive Urban Development: A Systematic Review of the Issues and Challenges,SUSTAINABILITY,2021,10.3390/su131910631,,,,,Review,Yes,,,Yes,,,Yes,"Distribution of risks, benefits and losses",0,,,,,
"Villarreal-Rosas, J; Wells, JA; Sonter, LJ; Possingham, HP; Rhodes, JR",The impacts of land use change on flood protection services among multiple beneficiaries,SCIENCE OF THE TOTAL ENVIRONMENT,2022,10.1016/j.scitotenv.2021.150577,,,,,Quantitative,Yes,,,,No,,No,,0,No,Yes,,,Yes
"Elliott, JR; Loughran, K; Brown, PL",Divergent Residential Pathways from Flood-Prone Areas: How Neighborhood Inequalities Are Shaping Urban Climate Adaptation,SOCIAL PROBLEMS,2021,10.1093/socpro/spab059,,,,,Quantitative,Yes,,,,Yes,Yes,Yes,"those inequities include unequal access to homeownership and, by extension, wealth gaps, as well as unjust pollution burdens, substandard public services, and other disparities that extend beyond individual households to socially stratify entire communities and their encompassing resettlement systems; this is used to illustrate racial and economic segregation; environmental injustice",2,Yes,Yes,Yes,Yes,Yes
"Woodruff, S; Meerow, S; Gilbertson, P; Hannibal, B; Matos, M; Roy, M; Malecha, M; Yu, SY; Berke, P",Is flood resilience planning improving? A longitudinal analysis of networks of plans in Boston and Fort Lauderdale,CLIMATE RISK MANAGEMENT,2021,10.1016/j.crm.2021.100354,,,,,Qualitative,Yes,,,Yes,No,,No,,0,No,No,No,Yes,Yes
"Roy, S; Vinayak, P; Von Stroh, D",Modeling Demographic Relocation in Response to Climate Risk Factors and Gentrification Displacement Pressures,TRANSPORTATION RESEARCH RECORD,2022,10.1177/03611981211036367,,,,,Quantitative,Yes,,,,No,,No,,0,No,No,No,No,Yes
"Jafino, BA; Kwakkel, JH",A novel concurrent approach for multiclass scenario discovery using Multivariate Regression Trees: Exploring spatial inequality patterns in the Vietnam Mekong Delta under uncertainty,ENVIRONMENTAL MODELLING & SOFTWARE,2021,10.1016/j.envsoft.2021.105177,,,,,Quantitative,Yes,,,,Yes,Yes,Yes,inequality,1,Yes,Yes,Yes,Yes,Yes
"Curran-Groome, W; Haygood, H; Hino, M; BenDor, TK; Salvesen, D",Assessing the full costs of floodplain buyouts,CLIMATIC CHANGE,2021,10.1007/s10584-021-03178-x,,,,,Quantitative,Yes,,,,No,,No,,0,No,Yes,No,No,Yes
"Hughes, S; Dobie, S; Schwarz, K; LeMee, GL; Lane, M; Gonzalez, A",Centering Racial Justice in Urban Flood Resilience Policy and Planning: Tools for Practitioners,ENVIRONMENTAL JUSTICE,2022,10.1089/env.2021.0045,,,,,Qualitative,Yes,,,Yes,No,,Yes,"justice, inequality, segregation; environmental justice",2,,,,,
"Ishtiaque, A; Eakin, H; Vij, S; Chhetri, N; Rahman, F; Huq, S","Multilevel governance in climate change adaptation in Bangladesh: structure, processes, and power dynamics",REGIONAL ENVIRONMENTAL CHANGE,2021,10.1007/s10113-021-01802-1,,,,,Qualitative,Yes,,,Yes,No,,No,,0,,,,,
"Obringer, R; Nateghi, R",What makes a city 'smart' in the Anthropocene? A critical review of smart cities under climate change,SUSTAINABLE CITIES AND SOCIETY,2021,10.1016/j.scs.2021.103278,,,,,Qualitative,Yes,,,Yes,No,,No,,0,,,,,
"Linscott, G; Rishworth, A; King, B; Hiestand, MP",Uneven experiences of urban flooding: examining the 2010 Nashville flood,NATURAL HAZARDS,2022,10.1007/s11069-021-04961-w,,,,,Quantitative,Yes,,,,Yes,Yes,No,,0,Yes,Yes,Yes,Yes,Yes
"Hochrainer-Stigler, S; Schinko, T; Hof, A; Ward, PJ",Adaptive risk management strategies for governments under future climate and socioeconomic change: An application to riverine flood risk at the global level,ENVIRONMENTAL SCIENCE & POLICY,2021,10.1016/j.envsci.2021.08.010,,,,,Quantitative,Yes,,,,No,,Yes,"their relative contributions could be based on normative criteria, such as their capacity to pay or the contribution they make to climate change. Alternatively, instead of contributions being related to equity criteria such as these",0,No,Yes,No,Yes,Yes
"Sullivan, E; Makarewicz, C; Rumbach, A",Affordable but Marginalized A Sociospatial and Regulatory Analysis of Mobile Home Parks in the Houston Metropolitan Area,JOURNAL OF THE AMERICAN PLANNING ASSOCIATION,2022,10.1080/01944363.2021.1952477,,,,,Quantitative,Yes,,,,Yes,No,Yes,We define spatial inequality here as patterns in the built environment whereby burdens and amenities are unequally distributed across geographic space,1,No,Yes,Yes,Yes,Yes
"Flores-Landeros, H; Pells, C; Campos-Martinez, MS; Fernandez-Bou, AS; Ortiz-Partida, JP; Medellin-Azuara, J",Community Perspectives and Environmental Justice in California's San Joaquin Valley,ENVIRONMENTAL JUSTICE,,10.1089/env.2021.0005,,,,,Qualitative,Yes,,,Yes,No,,Yes,"insufficient access to food, limited employment opportunities, and disproportionate political representation; EJ",2,No,Yes,No,No,Yes
"Noser, EA; Zhang, J; Rahbar, MH; Sharrief, AZ; Barreto, AD; Shaw, S; Grotta, JC; Savitz, SI; Ifejika, NL",Leveraging Multimedia Patient Engagement to Address Minority Cerebrovascular Health Needs: Prospective Observational Study,JOURNAL OF MEDICAL INTERNET RESEARCH,2021,10.2196/28748,,,,,Quantitative,Yes,,,,No,,No,,0,No,Yes,No,No,Yes
"Odagiri, M; Thomas, A; Listyasari, M; Mills, F; Bain, RES; Muhammad, Z; Slaymaker, T; Mardikanto, A; Gultom, A; Indiyani, A; Rangkuti, H; Willetts, J",Safely Managed On-Site Sanitation: A National Assessment of Sanitation Services and Potential Fecal Exposure in Indonesia,INTERNATIONAL JOURNAL OF ENVIRONMENTAL RESEARCH AND PUBLIC HEALTH,2021,10.3390/ijerph18158204,,,Yes,,,,,,,,,,,,,,,,
"Messager, ML; Ettinger, AK; Murphy-Williams, M; Levin, PS",Fine-scale assessment of inequities in inland flood vulnerability,APPLIED GEOGRAPHY,2021,10.1016/j.apgeog.2021.102492,,,,,Quantitative,Yes,,,,Yes,Yes,No,,0,Yes,Yes,Yes,Yes,Yes
"Li, J; Spidalieri, K",Home is where the safer ground is: the need to promote affordable housing laws and policies in receiving communities,JOURNAL OF ENVIRONMENTAL STUDIES AND SCIENCES,2021,10.1007/s13412-021-00702-4,,,,,Qualitative,Yes,,,Yes,No,,No,,0,No,No,,,Yes
"Martin, DM; Specht, JA; Canick, MR; Leo, KL; Freeman, K",Using Decision Analysis to Integrate Habitat and Community Values for Coastal Resilience Planning,ESTUARIES AND COASTS,2022,10.1007/s12237-021-00970-x,,,,,Quantitative,Yes,,,,No,,Yes,Equity is about being fair when considering the ethical implications of an analysis and its methodological assumptions,0,No,Yes,No,No,Yes
"Taraky, YM; Liu, YB; McBean, E; Daggupati, P; Gharabaghi, B",Flood Risk Management with Transboundary Conflict and Cooperation Dynamics in the Kabul River Basin,WATER,2021,10.3390/w13111513,,,,,Quantitative,Yes,,,,No,,No,,0,No,Yes,No,No,Yes
"Zoll, D","Climate Adaptation as a Racial Project: An Analysis of Color-Blind Flood Resilience Efforts in Austin, Texas",ENVIRONMENTAL JUSTICE,2021,10.1089/env.2021.0034,,,,,Quantitative,Yes,,,,Yes,Yes,Yes,"Inequality; This article contributes to conversations on adaptation's potential to impact urban inequality by deploying Omi and Winant's6 theory of racial projects and Hardy et al.’s7
 conception of color-blind adaptation to understand the role of planning
 in creating populations that are vulnerable or protected from climate 
change; EJ",2,No,Yes,Yes,Yes,Yes
"Daniels, K; Grim, T; Morgan, T","Using foresight to explore the impacts of flooding in Houston on health, poverty, and equity out to 2050",FUTURES,2021,10.1016/j.futures.2021.102754,,,,,Quantitative,Yes,,,,No,,No,,0,Yes,Yes,Yes,Yes,Yes
"Kraan, CM; Hino, M; Niemann, J; Siders, AR; Mach, KJ",Promoting equity in retreat through voluntary property buyout programs,JOURNAL OF ENVIRONMENTAL STUDIES AND SCIENCES,2021,10.1007/s13412-021-00688-z,,,,,Qualitative,Yes,,,Yes,No,,Yes,"There are many complementary concepts of social justice related to fairness, equality, or equity among members of a society (Adger et al. 2006). We focus on three dimensions of social justice: (a) distributive, concerning fairness in how costs and benefits are shared within a community or society (Rawls 1971); (b) procedural, concerning fairness and inclusion in decision-making processes (Schlosberg and Collins 2014); and (c) interactional, concerning the quality of interpersonal treatment people receive throughout a process (Folger 1996).",3,Yes,Yes,Yes,Yes,Yes
"Aidoo, FS",Architectures of mis/managed retreat: Black land loss to green housing gains,JOURNAL OF ENVIRONMENTAL STUDIES AND SCIENCES,2021,10.1007/s13412-021-00684-3,,,,,Qualitative,Yes,,,Yes,No,,No,,0,No,No,No,No,Yes
"Lea, D; Pralle, S",To appeal and amend: Changes to recently updated Flood Insurance Rate Maps,RISK HAZARDS & CRISIS IN PUBLIC POLICY,2022,10.1002/rhc3.12222,,,,,Quantitative,Yes,,,,No,,No,,0,No,Yes,No,No,Yes
"Thaler, T",Just retreat-how different countries deal with it: examples from Austria and England,JOURNAL OF ENVIRONMENTAL STUDIES AND SCIENCES,2021,10.1007/s13412-021-00694-1,,,,,Qualitative,Yes,,,Yes,No,,Yes,Inequality; Justice,3,No,Yes,Yes,Yes,Yes
"Few, R; Ramirez, V; Armijos, MT; Hernandez, LAZ; Marsh, H",Moving with risk: Forced displacement and vulnerability to hazards in Colombia,WORLD DEVELOPMENT,2021,10.1016/j.worlddev.2021.105482,,,,,Qualitative,Yes,,,Yes,No,,No,,0,No,Yes,No,No,No
"Elkin-Koren, N; Netanel, NW",Transplanting Fair Use Across the Globe: A Case Study Testing the Credibility of US Opposition,HASTINGS LAW JOURNAL,2021,https://papers.ssrn.com/sol3/papers.cfm?abstract_id=3598160,,,Yes,,,,,,,,,,,,,,,,
"Dey, NC; Parvez, M; Islam, MR",A study on the impact of the 2017 early monsoon flash flood: Potential measures to safeguard livelihoods from extreme climate events in the haor area of Bangladesh,INTERNATIONAL JOURNAL OF DISASTER RISK REDUCTION,2021,10.1016/j.ijdrr.2021.102247,,,Yes,,,,,,,,,,,,,,,,
"Yu, JS; Castellani, K; Forysinski, K; Gustafson, P; Lu, JM; Peterson, E; Tran, M; Yao, A; Zhao, JX; Brauer, M","Geospatial indicators of exposure, sensitivity, and adaptive capacity to assess neighbourhood variation in vulnerability to climate change-related health hazards",ENVIRONMENTAL HEALTH,2021,10.1186/s12940-021-00708-z,,,,,Quantitative,Yes,,,,No,,No,,0,No,Yes,Yes,No,Yes
"Madhulatha, A; Choi, SJ; Han, JY; Hong, SY",Impact of Different Nesting Methods on the Simulation of a Severe Convective Event Over South Korea Using the Weather Research and Forecasting Model,JOURNAL OF GEOPHYSICAL RESEARCH-ATMOSPHERES,2021,10.1029/2020JD033084,,,,,Quantitative,No,Equitable threat score: prediction metric,Yes,,,,,,,,,,,
"Raikes, J; Smith, TF; Baldwin, C; Henstra, D",Linking disaster risk reduction and human development,CLIMATE RISK MANAGEMENT,2021,10.1016/j.crm.2021.100291,,,,,Qualitative,Yes,,,Yes,No,,No,,0,No,Yes,Yes,Yes,Yes
"Zenebe, MG; Fleskens, L; Ritsema, C; van Steenbergen, F","Enhancing traditional floodwater governance for inclusive and resilient flood-based livelihood systems in Tana river floodplains, Kenya",JOURNAL OF ENVIRONMENTAL PLANNING AND MANAGEMENT,2022,10.1080/09640568.2021.1897973,,,,,Quantitative,Yes,,,,No,,No,,0,No,Yes,No,No,Yes
"Rendon, C; Osman, KK; Faust, KM","Path towards community resilience: Examining stakeholders? coordination at the intersection of the built, natural, and social systems",SUSTAINABLE CITIES AND SOCIETY,2021,10.1016/j.scs.2021.102774,,,,,Qualitative,Yes,,,Yes,No,,No,,0,No,Yes,Yes,Yes,Yes
"Heck, S",Greening the color line: historicizing water infrastructure redevelopment and environmental justice in the St. Louis metropolitan region,JOURNAL OF ENVIRONMENTAL POLICY & PLANNING,2021,10.1080/1523908X.2021.1888702,,,,,Qualitative,Yes,,,Yes,No,,Yes,environmental justice,2,No,Yes,,,
"Eakin, H; Parajuli, J; Yogya, Y; Hernandez, B; Manheim, M",Entry points for addressing justice and politics in urban flood adaptation decision making,CURRENT OPINION IN ENVIRONMENTAL SUSTAINABILITY,2021,10.1016/j.cosust.2021.01.001,,,,,Qualitative,Yes,,,Yes,No,,Yes,cost and benefits of adaptation interventions should be allocated; justice,3,No,Yes,Yes,Yes,Yes
"Tate, E; Rahman, MA; Emrich, CT; Sampson, CC",Flood exposure and social vulnerability in the United States,NATURAL HAZARDS,2021,10.1007/s11069-020-04470-2,,,,,Quantitative,Yes,,,,Yes,Yes,No,,0,No,Yes,No,No,Yes
"Markanday, A; Markandya, A; de Murieta, ES; Galarraga, I","Accounting for the Effects of Employment, Equity, and Risk Aversion in Cost-Benefit Analysis: An Application to an Adaptation Project",JOURNAL OF BENEFIT-COST ANALYSIS,2021,10.1017/bca.2020.32,,,,,Quantitative,Yes,,,,Yes,Yes,Yes,"equitability of investments (i.e., how benefits and costs are distributed among those affected by the project)… done so with social welfare function ",3,Yes,Yes,Yes,Yes,Yes
"Sajjad, M",Disaster resilience in Pakistan: A comprehensive multi-dimensional spatial profiling,APPLIED GEOGRAPHY,2021,10.1016/j.apgeog.2020.102367,,,,,Quantitative,Yes,,,,No,,No,,0,No,Yes,Yes,Yes,Yes
"Buchanan, MK; Kulp, S; Cushing, L; Morello-Frosch, R; Nedwick, T; Strauss, B",Sea level rise and coastal flooding threaten affordable housing,ENVIRONMENTAL RESEARCH LETTERS,2020,10.1088/1748-9326/abb266,,,,,Quantitative,Yes,,,,No,,No,,0,No,Yes,No,No,Yes
"Ma, YF; Zhong, PA; Xu, B; Bing, JP; Zhang, YJ",Multiobjective and Joint Operation Model for Multistakeholder Cascade Hydropower System,JOURNAL OF WATER RESOURCES PLANNING AND MANAGEMENT,2020,10.1061/(ASCE)WR.1943-5452.0001291,,,,,Quantitative,Yes,,,,No,,Yes,"these values are proportional to the contribution of each reservoir, thereby embodying equitable allocation",1,No,Yes,Yes,Yes,Yes
"Mobini, S; Becker, P; Larsson, R; Berndtsson, R",Systemic Inequity in Urban Flood Exposure and Damage Compensation,WATER,2020,10.3390/w12113152,,,,,Quantitative,Yes,,,,Yes,Yes,Yes,"Rawls’s principle of justice is particularly useful for this study since it addresses issues of vulnerability and provides a framework for evaluating equity; equity among property owners in Malmö is investigated in terms of flood exposure and the
processing of their flood damage claims depending on the type of sewage system their properties are connected to; equity of treatment of the resulting flood risk at a societal level, which can be defined
as “the quality of being fair and impartial” [51]. This means that all property owners should be equally treated and have equal opportunity to have their flood risk managed by societal actors [30], regardless of the type of sewage system their properties happen to be connected to",3,Yes,Yes,Yes,Yes,Yes
"Albert, C; Brillinger, M; Guerrero, P; Gottwald, S; Henze, J; Schmidt, S; Ott, E; Schroter, B","Planning nature-based solutions: Principles, steps, and insights",AMBIO,2021,10.1007/s13280-020-01365-1,,,,,Qualitative,Yes,,,Yes,No,,Yes,"Equity can be understood along four interlinked dimensions: recognition, procedure, distribution and context. This means recognizing the rights, values and interests of different actors, building on inclusive and effective participation of all relevant actors, equal distribution of costs and benefits amongst the actors, and taking into account the action-shaping context created by the pre-existing political, economic, and social conditions",3,No,Yes,Yes,Yes,Yes
"Middleton, C; Devlaeminck, DJ",Reciprocity in practice: the hydropolitics of equitable and reasonable utilization in the Lancang-Mekong basin,INTERNATIONAL ENVIRONMENTAL AGREEMENTS-POLITICS LAW AND ECONOMICS,2021,10.1007/s10784-020-09511-6,,,,,Qualitative,Yes,,,Yes,No,,Yes,"Greatest possible satisfaction of all needs, minimizing detriment to, or unmet needs of each; justice",3,,,,,
"Matthews, V; Longman, J; Bennett-Levy, J; Braddon, M; Passey, M; Bailie, RS; Berry, HL",Belonging and Inclusivity Make a Resilient Future for All: A Cross-Sectional Analysis of Post-Flood Social Capital in a Diverse Australian Rural Community,INTERNATIONAL JOURNAL OF ENVIRONMENTAL RESEARCH AND PUBLIC HEALTH,2020,10.3390/ijerph17207676,,,,,Quantitative,Yes,,,,No,,No,,0,No,Yes,No,No,Yes
"Jagnoor, J; Bhaumik, S; Christou, A; Azad, AK; Ivers, R","Weaved into the fabric of life: A qualitative exploration on impact of water-related disasters in the Char Community of Assam, India",INTERNATIONAL JOURNAL OF DISASTER RISK REDUCTION,2020,10.1016/j.ijdrr.2020.101551,,,,,Qualitative,Yes,,,Yes,No,,No,,0,No,Yes,,,
"Li, RD; Zheng, H; Polasky, S; Hawthorne, PL; O'Connor, P; Wang, LJ; Li, RN; Xiao, Y; Wu, T; Ouyang, ZY",Ecosystem restoration on Hainan Island: can we optimize for enhancing regulating services and poverty alleviation?,ENVIRONMENTAL RESEARCH LETTERS,2020,10.1088/1748-9326/ab8f5e,,,,,Quantitative,Yes,,,,No,,No,,0,No,Yes,Yes,No,Yes
"Lazar, AN; Nicholls, RJ; Hall, JW; Barbour, EJ; Haque, A",Contrasting development trajectories for coastal Bangladesh to the end of century,REGIONAL ENVIRONMENTAL CHANGE,2020,10.1007/s10113-020-01681-y,,,,,Quantitative,Yes,,,,Yes,Yes,Yes,Inequality,1,No,Yes,Yes,Yes,Yes
"Rock, M; Blue, G",Healthy publics as multi-species matters: solidarity with people's pets in One Health promotion,HUMANITIES & SOCIAL SCIENCES COMMUNICATIONS,2020,10.1057/s41599-020-0509-1,,,,,Qualitative,Yes,,,Yes,No,,No,,0,,,,,
"Yumagulova, L",Disrupting the riskscapes of inequities: a case study of planning for resilience in Canada's Metro Vancouver region,CAMBRIDGE JOURNAL OF REGIONS ECONOMY AND SOCIETY,2020,10.1093/cjres/rsaa029,,,,,Qualitative,Yes,,Yes,,No,,No,,0,Yes,Yes,,,
"Pozzoni, M; Salvetti, A; Cannata, M","Retrospective and prospective of hydro-met monitoring system in the Canton Ticino, Switzerland",HYDROLOGICAL SCIENCES JOURNAL-JOURNAL DES SCIENCES HYDROLOGIQUES,,10.1080/02626667.2020.1760280,,,,,Quantitative,Yes,,,,No,,No,,0,No,Yes,,,
"Ciullo, A; Kwakkel, JH; De Bruijn, KM; Doorn, N; Klijn, F",Efficient or Fair? Operationalizing Ethical Principles in Flood Risk Management: A Case Study on the Dutch-German Rhine,RISK ANALYSIS,2020,10.1111/risa.13527,,,,,Quantitative,Yes,,,,Yes,Yes,Yes,"The aim is to explore the policy implications of adopting alternative ethical principles in the way fairness is conceptualized and operationalized. We do so by solving a flood risk management problem according to four alternative problem formulations, that is, the policy problem to be solved, each corresponding to a different way of operationalizing fairness",3,Yes,Yes,Yes,Yes,Yes
"Venkataramanan, V; Lopez, D; McCuskey, DJ; Kiefus, D; McDonald, RI; Miller, WM; Packman, AI; Young, SL","Knowledge, attitudes, intentions, and behavior related to green infrastructure for flood management: A systematic literature review",SCIENCE OF THE TOTAL ENVIRONMENT,2020,10.1016/j.scitotenv.2020.137606,,,,,Review,Yes,,,Yes,No,,No,,0,,Yes,,,
"Bisaro, A; de Bel, M; Hinkel, J; Kok, S; Bouwer, LM","Leveraging public adaptation finance through urban land reclamation: cases from Germany, the Netherlands and the Maldives",CLIMATIC CHANGE,2020,10.1007/s10584-019-02507-5,,,,,Qualitative,Yes,,,Yes,No,,No,,0,No,Yes,,,
"Tregidgo, D; Barlow, J; Pompeu, PS; Parry, L",Tough fishing and severe seasonal food insecurity in Amazonian flooded forests,PEOPLE AND NATURE,2020,10.1002/pan3.10086,,,,,Quantitative,Yes,,,,Yes,Yes,No,,0,No,Yes,No,No,Yes
"Ismail, WRW; Othman, M; Nor, NM; Badiuzaman, AF; Nor, NMSNM",Halal Malaysia brand equity mishap False recognition of brand mere recognition using mixed method approach,JOURNAL OF ISLAMIC MARKETING,2022,10.1108/JIMA-04-2019-0073,,,Yes,,,,,,,,,,,,,,,,
"Cole, SM; Kaminski, AM; McDougall, C; Kefi, AS; Marinda, PA; Maliko, M; Mtonga, J",Gender accommodative versus transformative approaches: a comparative assessment within a post-harvest fish loss reduction intervention,GENDER TECHNOLOGY & DEVELOPMENT,2020,10.1080/09718524.2020.1729480,,,Yes,,,,,,,,,,,,,,,,
"Gourevitch, JD; Singh, NK; Minot, J; Raub, KB; Rizzo, DM; Wemple, BC; Ricketts, TH",Spatial targeting of floodplain restoration to equitably mitigate flood risk,GLOBAL ENVIRONMENTAL CHANGE-HUMAN AND POLICY DIMENSIONS,2020,10.1016/j.gloenvcha.2020.102050,,,,,Quantitative,Yes,,,,Yes,Yes,Yes,Inequality within communities may become exacerbated when benefits are disproportionately accrued by the wealthiest and/or least vulnerable individuals and costs are born by marginalized or disenfranchised groups. These distributional inequities often arise when monetary valuation is used to measure costs and benefits. Equity-weighting and social welfare function means distributive justice following Lamont and Favor ,3,No,Yes,Yes,Yes,Yes
"Fuentealba, R; Verrest, H; Gupta, J",Planning for Exclusion: The Politics of Urban Disaster Governance,POLITICS AND GOVERNANCE,2020,10.17645/pag.v8i4.3085,,,,,Qualitative,Yes,,,Yes,No,,No,,0,No,Yes,,,
"Hussain, S; Ahmed, RR",SMARTPHONE BUYING BEHAVIORS IN A FRAMEWORK OF BRAND EXPERIENCE AND BRAND EQUITY,TRANSFORMATIONS IN BUSINESS & ECONOMICS,2020,,,,Yes,,,,,,,,,,,,,,,,
"Matthews, V; Longman, J; Berry, HL; Passey, M; Bennett-Levy, J; Morgan, GG; Pit, S; Rolfe, M; Bailie, RS",Differential Mental Health Impact Six Months After Extensive River Flooding in Rural Australia: A Cross-Sectional Analysis Through an Equity Lens,FRONTIERS IN PUBLIC HEALTH,2019,10.3389/fpubh.2019.00367,,,,,Quantitative,Yes,,,,Yes,Yes,No,,0,Yes,Yes,No,No,No
"Collins, TW; Grineski, SE; Chakraborty, J; Flores, AB","Environmental injustice and Hurricane Harvey: A household-level study of socially disparate flood exposures in Greater Houston, Texas, USA",ENVIRONMENTAL RESEARCH,2019,10.1016/j.envres.2019.108772,,,,,Quantitative,Yes,,,,Yes,Yes,Yes,"Distributive EJ scholarship, utilizing statistical and spatial analysis techniques, has focused on determining whether, and examining the extent to which, socially disadvantaged groups are disproportionately exposed to environmental health hazards.",2,Yes,Yes,Yes,Yes,Yes
"Zhu, L; Gong, YM; Xu, YS; Gu, J",Emergency relief routing models for injured victims considering equity and priority,ANNALS OF OPERATIONS RESEARCH,2019,10.1007/s10479-018-3089-3,,,,,Quantitative,Yes,,,,Yes,Yes,Yes,"Equity relates to balancing the allocation or utilization of resources, so that victims have the same opportunity to survive in humanitarian aid",1,Yes,Yes,Yes,Yes,Yes
"Emrich, CT; Tate, E; Larson, SE; Zhou, Y",Measuring social equity in flood recovery funding,ENVIRONMENTAL HAZARDS-HUMAN AND POLICY DIMENSIONS,2020,10.1080/17477891.2019.1675578,,,,,Quantitative,Yes,,,,Yes,Yes,Yes,Social equity in disaster recovery means that all people have full and equal access in resource distribution and opportunities that enable them to meet their needs; EJ,2,Yes,Yes,Yes,Yes,Yes
"Chandra-Putra, H; Andrews, CJ",An integrated model of real estate market responses to coastal flooding,JOURNAL OF INDUSTRIAL ECOLOGY,2020,10.1111/jiec.12957,,,,,Quantitative,Yes,,,,No,,No,,0,No,Yes,No,No,Yes
"Aheeyar, M; de Silva, S; Senaratna-Sellamuttu, S; Arulingam, I",Unpacking Barriers to Socially Inclusive Weather Index Insurance: Towards a Framework for Inclusion,WATER,2019,10.3390/w11112235,,,,,Qualitative,Yes,,,Yes,No,,Yes,"highlights the distinction between equity and equality. They articulate equality as being the same or being treated equally, while equity is related to whether people are treated fairly. They argue that focusing on social equity helps to consider how social difference and associated inequalities may affect poor people’s access to index insurance, and how insurance design and its implementation can contribute to the distribution of fair or equal developmental outcomes",0,No,Yes,Yes,Yes,Yes
"Markanday, A; Galarraga, I; Markandya, A",A CRITICAL REVIEW OF COST-BENEFIT ANALYSIS FOR CLIMATE CHANGE ADAPTATION IN CITIES,CLIMATE CHANGE ECONOMICS,2019,10.1142/S2010007819500143,,,,,Review,Yes,,,Yes,No,,Yes,distributional equity,0,No,Yes,,,
"Ruocco, AMC; Portinho, JL; Nogueira, MG",Potential impact of small hydroelectric power plants on river biota: a case study on macroinvertebrates associated to basaltic knickzones,BRAZILIAN JOURNAL OF BIOLOGY,2019,10.1590/1519-6984.191148,,,Yes,,,,,,,,,,,,,,,,
"Mach, KJ; Kraan, CM; Hino, M; Siders, AR; Johnston, EM; Field, CB",Managed retreat through voluntary buyouts of flood-prone properties,SCIENCE ADVANCES,2019,10.1126/sciadv.aax8995,,,,,Quantitative,Yes,,,,Yes,Yes,No,,0,No,Yes,Yes,No,Yes
"Hicks, A; Barclay, J; Chilvers, J; Armijos, MT; Oven, K; Simmons, P; Haklay, M",Global Mapping of Citizen Science Projects for Disaster Risk Reduction,FRONTIERS IN EARTH SCIENCE,2019,10.3389/feart.2019.00226,,,,,Qualitative,Yes,,,Yes,No,,No,,0,,,,,
"Loughran, K; Elliott, JR",Residential buyouts as environmental mobility: examining where homeowners move to illuminate social inequities in climate adaptation,POPULATION AND ENVIRONMENT,2019,10.1007/s11111-019-00324-7,,,,,Quantitative,Yes,,,,Yes,Yes,Yes,"These findings collectively point to how buyouts, though technocratically framed and presented as rational solutions to growing environmental risks, can become racialized forms of environmental mobility through their intersection with historical patterns of segregation and lingering inequities among respective households.",0,Yes,No,No,No,Yes
"Rozance, MA; Denton, A; Matsler, AM; Grabowski, Z; Mayhugh, W",Examining the scalar knowledge politics of risk within coastal sea level rise adaptation planning knowledge systems,ENVIRONMENTAL SCIENCE & POLICY,2019,10.1016/j.envsci.2019.05.024,,,,,Qualitative,Yes,,,Yes,No,,No,,0,No,Yes,,,
"Henrique, KP; Tschakert, P",Contested grounds: Adaptation to flooding and the politics of (in)visibility in Sao Paulo's eastern periphery,GEOFORUM,2019,10.1016/j.geoforum.2019.04.026,,,,,Qualitative,Yes,,,Yes,No,,No,,0,No,Yes,,,
"Bodenreider, C; Wright, L; Barr, O; Xu, K; Wilson, S","Assessment of Social, Economic, and Geographic Vulnerability Pre- and Post-Hurricane Harvey in Houston, Texas",ENVIRONMENTAL JUSTICE,2019,10.1089/env.2019.0001,,,,,Quantitative,Yes,,,,No,,No,,0,No,Yes,Yes,Yes,Yes
"Grimaldi, S; Schumann, GJP; Shokri, A; Walker, JP; Pauwels, VRN","Challenges, Opportunities, and Pitfalls for Global Coupled Hydrologic-Hydraulic Modeling of Floods",WATER RESOURCES RESEARCH,2019,10.1029/2018WR024289,,,,,Quantitative,Yes,,,,No,,No,,0,No,Yes,No,No,Yes
"Patashnik, J",THE TROLLEY PROBLEM OF CLIMATE CHANGE: SHOULD GOVERNMENTS FACE TAKINGS LIABILITY IF ADAPTIVE STRATEGIES CAUSE PROPERTY DAMAGE?,COLUMBIA LAW REVIEW,2019,,,,,,Review,Yes,,,Yes,No,,No,,0,,,,,
"Smiley, SL; Hambati, H","Impacts of flooding on drinking water access in Dar Yes Salaam, Tanzania: implications for the Sustainable Development Goals",JOURNAL OF WATER SANITATION AND HYGIENE FOR DEVELOPMENT,2019,10.2166/washdev.2019.168,,,,,Quantitative,Yes,,,,No,,No,,0,No,Yes,No,No,Yes
"Dos Santos, S; Peumi, JP; Soura, A","Risk factors of becoming a disaster victim. The flood of September 1st, 2009, in Ouagadougou (Burkina Faso)",HABITAT INTERNATIONAL,2019,10.1016/j.habitatint.2019.03.005,,,,,Quantitative,Yes,,,,No,,No,,0,No,Yes,No,No,Yes
"Gajjar, SP; Singh, C; Deshpande, T",Tracing back to move ahead: a review of development pathways that constrain adaptation futures,CLIMATE AND DEVELOPMENT,2019,10.1080/17565529.2018.1442793,,,,,Review,Yes,,,Yes,No,,Yes,capacity and agency to access resources and influence future development,0,No,Yes,,,
"Feng, Y; Wang, WL; Suman, D; Yu, SW; He, DM",Water Cooperation Priorities in the Lancang-Mekong River Basin Based on Cooperative Events Since the Mekong River Commission Establishment,CHINESE GEOGRAPHICAL SCIENCE,2019,10.1007/s11769-019-1016-4,,,,,Quantitative,Yes,,,,No,,No,,0,No,Yes,No,No,Yes
"Becquart, NA; Naumova, EN; Singh, G; Chui, KKH","Cardiovascular Disease Hospitalizations in Louisiana Parishes' Elderly before, during and after Hurricane Katrina",INTERNATIONAL JOURNAL OF ENVIRONMENTAL RESEARCH AND PUBLIC HEALTH,2019,10.3390/ijerph16010074,,,,,Quantitative,Yes,,,,No,,No,,0,No,Yes,No,No,Yes
"dos Anjos, MR; Machado, NG; Pedersoli, MA; Pedersoli, NRB; Barros, BS; Lourenco, IH; Barreiros, JP","Survey of fish species from the Lower Roosevelt River, Southwestern Amazon basin",BIOTA NEOTROPICA,2019,10.1590/1676-0611-BN-2018-0717,,,Yes,,,,,,,,,,,,,,,,
"Eakin, H; Siqueiros-Garcia, JM; Hernandez-Aguilar, B; Shelton, R; Bojorquez-Tapia, LA","Mental Models, Meta-Narratives, and Solution Pathways Associated With Socio-Hydrological Risk and Response in Mexico City",FRONTIERS IN SUSTAINABLE CITIES,2019,10.3389/frsc.2019.00004,,,,,Qualitative,Yes,,,Yes,No,,No,,0,No,Yes,No,Yes,Yes
"Sampson, NR; Price, CE; Kassem, J; Doan, J; Hussein, J",We're Just Sitting Ducks: Recurrent Household Flooding as An Underreported Environmental Health Threat in Detroit's Changing Climate,INTERNATIONAL JOURNAL OF ENVIRONMENTAL RESEARCH AND PUBLIC HEALTH,2019,10.3390/ijerph16010006,,,,,Qualitative,Yes,,,Yes,No,,No,,0,No,Yes,No,No,Yes
"Yarina, L; Mazereeuw, M; Ovalles, L",A retreat critique: Deliberations on design and ethics in the flood zone,JOURNAL OF LANDSCAPE ARCHITECTURE,2019,10.1080/18626033.2019.1705570,,,,,Qualitative,Yes,,,Yes,No,,Yes,social justice,2,No,Yes,,,
"Mvandaba, V; Hughes, D; Kapangaziwiri, E; Kahinda, JM; Hobbs, P; Madonsela, S; Oosthuizen, N",The delineation of alluvial aquifers towards a better understanding of channel transmission losses in the Limpopo River Basin,PHYSICS AND CHEMISTRY OF THE EARTH,2018,10.1016/j.pce.2018.06.004,,,,,Quantitative,Yes,,,,No,,No,,0,No,Yes,No,No,Yes
"Li, MY; Kwan, MP; Yin, J; Yu, DP; Wang, J","The potential effect of a 100-year pluvial flood event on metro accessibility and ridership: A case study of central Shanghai, China",APPLIED GEOGRAPHY,2018,10.1016/j.apgeog.2018.09.001,,,,,Quantitative,Yes,,,,No,,No,,0,No,Yes,No,No,Yes
"Taye, MT; Dyer, E; Hirpa, FA; Charles, K","Climate Change Impact on Water Resources in the Awash Basin, Ethiopia",WATER,2018,10.3390/w10111560,,,,,Quantitative,Yes,,,,No,,No,,0,No,Yes,No,No,No
"Huang, HH; Kerstein, J; Wang, C",The impact of climate risk on firm performance and financing choices: An international comparison,JOURNAL OF INTERNATIONAL BUSINESS STUDIES,2018,10.1057/s41267-017-0125-5,,,,,Quantitative,No,Wealth,Yes,,,,,,,,,,,
"Chacowry, A; McEwen, LJ; Lynch, K","Recovery and resilience of communities in flood risk zones in a small island developing state: A case study from a suburban settlement of Port Louis, Mauritius",INTERNATIONAL JOURNAL OF DISASTER RISK REDUCTION,2018,10.1016/j.ijdrr.2018.03.019,,,,,Quantitative,Yes,,,,No,,No,,0,No,Yes,No,Yes,Yes
"Malenab, MCT; Visco, ES; Amparo, JMS; Torio, DA; Atole, MRJT; Mendoza, MD",Integrated Adaptation Management Approach toward Sustained Fish Production by Fish Farmers of Marilao-Meycauayan-Obando River System,ASIAN JOURNAL OF AGRICULTURE AND DEVELOPMENT,2018,,,,Yes,,,,,,,,,,,,,,,,
"Marques, GF; Tilmant, A",Cost Distribution of Environmental Flow Demands in a Large-Scale Multireservoir System,JOURNAL OF WATER RESOURCES PLANNING AND MANAGEMENT,2018,10.1061/(ASCE)WR.1943-5452.0000936,,,,,Quantitative,Yes,,,,No,,Yes,Equitable thus refers to how the authors perceive a given distribution of environmental flows costs in a system,0,No,Yes,No,Yes,Yes
"Hoekstra, AY; Buurman, J; van Ginkel, KCH",Urban water security: A review,ENVIRONMENTAL RESEARCH LETTERS,2018,10.1088/1748-9326/aaba52,,,,,Review,Yes,,,Yes,No,,No,,0,No,Yes,,,
"Keenan, JM; Hill, T; Gumber, A","Climate gentrification: from theory to empiricism in Miami-Dade County, Florida",ENVIRONMENTAL RESEARCH LETTERS,2018,10.1088/1748-9326/aabb32,Yes,,,,,,,,,,,,,,,,,,
"Johnson, CM; Fan, XG; Mahmood, R; Groves, C; Polk, JS; Yan, J",Evaluating Weather Research and Forecasting Model Sensitivity to Land and Soil Conditions Representative of Karst Landscapes,BOUNDARY-LAYER METEOROLOGY,2018,10.1007/s10546-017-0312-8,,,,,Quantitative,No,Equitable threat score: prediction metric,Yes,,,,,,,,,,,
"Marino, E",Adaptation privilege and Voluntary Buyouts: Perspectives on ethnocentrism in sea level rise relocation and retreat policies in the US,GLOBAL ENVIRONMENTAL CHANGE-HUMAN AND POLICY DIMENSIONS,2018,10.1016/j.gloenvcha.2018.01.002,,,,,Qualitative,Yes,,,Yes,No,,No,,0,No,Yes,,,
"Noonan, DS; Sadiq, AAA",Flood Risk Management: Exploring the Impacts of the Community Rating System Program on Poverty and Income Inequality,RISK ANALYSIS,2018,10.1111/risa.12853,,,,,Quantitative,Yes,,,,Yes,Yes,Yes,the potential for unevenly distributed impacts across different income groups in communities; EJ,2,No,Yes,Yes,No,No
"Acierto, RA; Kawasaki, A; Zin, WW; Oo, AT; Ra, K; Komori, D",Development of a Hydrological Telemetry System in Bago River,JOURNAL OF DISASTER RESEARCH,2018,,,,,,Quantitative,No,Equitable threat score: prediction metric,Yes,,,,,,,,,,,
"Alexander, M; Doorn, N; Priest, S",Bridging the legitimacy gap-translating theory into practical signposts for legitimate flood risk governance,REGIONAL ENVIRONMENTAL CHANGE,2018,10.1007/s10113-017-1195-4,,,,,Qualitative,Yes,,,Yes,No,,Yes,"Social equity is concerned with qualities of fairness and is conceptually distinct from discussions of equality, despite often being discussed in tangent (Rawls 2001; Doorn 2015). Judgements of fairness are therefore tied to different principles of justice, including utilitarian, libertarian, egalitarian, pluralists, and Rawlsians",3,No,Yes,,,
"Ayre, ML; Wallis, PJ; Daniell, KA",Learning from collaborative research on sustainably managing fresh water: implications for ethical research-practice engagement,ECOLOGY AND SOCIETY,2018,10.5751/ES-09822-230106,,,,,Qualitative,Yes,,,Yes,No,,No,,0,No,Yes,,,
"Meyer, MA; Hendricks, M; Newman, GD; Masterson, JH; Cooper, JT; Sansom, G; Gharaibeh, N; Horney, J; Berke, P; van Zandt, S; Cousins, T",Participatory action research: tools for disaster resilience education,INTERNATIONAL JOURNAL OF DISASTER RESILIENCE IN THE BUILT ENVIRONMENT,2018,10.1108/IJDRBE-02-2017-0015,,,,,Qualitative,Yes,,,Yes,No,,No,,0,No,Yes,,,
"Salami, RO; von Meding, J; Giggins, H","The urban political ecology of flood vulnerability in the core area of Ibadan Metropolis, Nigeria",NATURAL HAZARDS AND DISASTER RISK REDUCTION POLICIES,2018,,,,,,Qualitative,Yes,,,Yes,No,,Yes,environmental justice,2,No,Yes,,,
"Sultana, F",Gender and Water in a Changing Climate: Challenges and Opportunities,WATER SECURITY ACROSS THE GENDER DIVIDE,2018,10.1007/978-3-319-64046-4_2,,,,,Qualitative,Yes,,,Yes,No,,Yes,gender justice; gender equity,5,,,,,
"van Bavel, B; Curtis, DR; Soens, T",Economic inequality and institutional adaptation in response to flood hazards: a historical analysis,ECOLOGY AND SOCIETY,2018,10.5751/ES-10491-230430,,,,,Qualitative,Yes,,,Yes,No,,Yes,Inequality,1,,,,,
"Maiello, I; Gentile, S; Ferretti, R; Baldini, L; Roberto, N; Picciotti, E; Alberoni, PP; Marzano, FS",Impact of multiple radar reflectivity data assimilation on the numerical simulation of a flash flood event during the HyMeX campaign,HYDROLOGY AND EARTH SYSTEM SCIENCES,2017,10.5194/hess-21-5459-2017,,,,,Quantitative,No,Equitable threat score: prediction metric,Yes,,,,,,,,,,,
"Chang, CT",Risk-trading in flood management: An economic model,JOURNAL OF ENVIRONMENTAL MANAGEMENT,2017,10.1016/j.jenvman.2017.05.059,,,,,Theoretical,Yes,,,Yes,No,,No,,0,No,Yes,,,
"Cobbinah, PB; Poku-Boansi, M; Peprah, C",Urban environmental problems in Ghana,ENVIRONMENTAL DEVELOPMENT,2017,10.1016/j.envdev.2017.05.001,,,,,Qualitative,Yes,,,Yes,No,,No,,0,No,Yes,,,
"Li, YP; Szeto, K; Stewart, RE; Theriault, JM; Chen, L; Kochtubajda, B; Liu, A; Boodoo, S; Goodson, R; Mooney, C; Kurkute, S",A Numerical Study of the June 2013 Flood-Producing Extreme Rainstorm over Southern Alberta,JOURNAL OF HYDROMETEOROLOGY,2017,10.1175/JHM-D-15-0176.1,,,,,Quantitative,No,Equitable threat score: prediction metric,Yes,,,,,,,,,,,
"Thomas, KA","The Ganges water treaty: 20 years of cooperation, on India's terms",WATER POLICY,2017,10.2166/wp.2017.109,,,,,Qualitative,Yes,,,Yes,No,,No,,0,,,,,
"Marjanovic, D; Veljovic, K; Zaric, M",Forecasts of extreme precipitation in the western Balkans in May 2014: model skill and sensitivity to the vertical co-ordinate,METEOROLOGICAL APPLICATIONS,2017,10.1002/met.1636,,,,,Quantitative,No,Equitable threat score: prediction metric,Yes,,,,,,,,,,,
"Scott, DN; Smith, AA",The abstract subject of the climate migrant: displaced by the rising tides of the green energy economy,JOURNAL OF HUMAN RIGHTS AND THE ENVIRONMENT,2017,10.4337/jhre.2017.01.02,,,,,Qualitative,Yes,,,Yes,No,,Yes,climate justice (more prominent frame); environmental justice,4,No,Yes,,,
"Haque, ABMM; Dey, MM","Impacts of community-based fish culture in seasonal floodplains on income, food security and employment in Bangladesh",FOOD SECURITY,2017,10.1007/s12571-016-0629-z,,,Yes,,,,,,,,,,,,,,,,
"Apgar, JM; Cohen, PJ; Ratner, BD; de Silva, S; Buisson, MC; Longley, C; Bastakoti, RC; Mapedza, E",Identifying opportunities to improve governance of aquatic agricultural systems through participatory action research,ECOLOGY AND SOCIETY,2017,10.5751/ES-08929-220109,,,,,Qualitative,Yes,,,Yes,No,,Yes,facilitators recognize power relations and are mindful of who is participating and how,0,,,,,
"Firoz, T; Vidler, M; Makanga, PT; Boene, H; Chiau, R; Sevene, E; Magee, LA; von Dadelszen, P; Munguambe, K",Community perspectives on the determinants of maternal health in rural southern Mozambique: a qualitative study,REPRODUCTIVE HEALTH,2016,10.1186/s12978-016-0217-x,,,Yes,,,,,,,,,,,,,,,,
"Sansom, G; Berke, P; McDonald, T; Shipp, E; Horney, J",Confirming the Environmental Concerns of Community Members Utilizing Participatory-Based Research in the Houston Neighborhood of Manchester,INTERNATIONAL JOURNAL OF ENVIRONMENTAL RESEARCH AND PUBLIC HEALTH,2016,10.3390/ijerph13090839,,,,,Quantitative,Yes,,,,No,,No,,0,No,Yes,No,No,No
"Daoud, A; Hallerod, B; Guha-Sapir, D","What Is the Association between Absolute Child Poverty, Poor Governance, and Natural Disasters? A Global Comparison of Some of the Realities of Climate Change",PLOS ONE,2016,10.1371/journal.pone.0153296,,,,,Quantitative,Yes,,,,No,,No,,0,No,Yes,,,
"Oulahen, G",The production of unequal vulnerability to flood hazards: A conceptual framework for hazards research in Canada's cities,CANADIAN GEOGRAPHER-GEOGRAPHE CANADIEN,2016,10.1111/cag.12232,,,,,Qualitative,Yes,,,Yes,No,,Yes,inequality; unequal,1,No,Yes,,,
"Tate, E; Strong, A; Kraus, T; Xiong, HY","Flood recovery and property acquisition in Cedar Rapids, Iowa",NATURAL HAZARDS,2016,10.1007/s11069-015-2060-8,,,,,Quantitative,Yes,,,,Yes,Yes,Yes,Rawlsian,3,No,Yes,Yes,Yes,Yes
"Brink, E; Aalders, T; Adam, D; Feller, R; Henselek, Y; Hoffmann, A; Ibe, K; Matthey-Doret, A; Meyer, M; Negrut, NL; Rau, AL; Riewerts, B; von Schuckmann, L; Tornros, S; von Wehrden, H; Abson, DJ; Wamsler, C",Cascades of green: A review of ecosystem-based adaptation in urban areas,GLOBAL ENVIRONMENTAL CHANGE-HUMAN AND POLICY DIMENSIONS,2016,10.1016/j.gloenvcha.2015.11.003,,,,,Review,Yes,,,Yes,No,,Yes,"Equity in climate change adaptation concerns both the decision-making process (who decides) and the outcome (who wins or loses) (Adger et al., 2005). There are three components of the EbA cascade model where equity is especially relevant: benefits (e.g. equitable access to both ecosystem-derived benefits for adaptation and potential co-benefits such as recreation or beautification), valuation (e.g. democratic ways of assigning value or defining the desirable state), and management (e.g. participation in management practices and decisions; equitable distribution of negative consequences of management).",0,No,Yes,Yes,Yes,Yes
"Davies, JB",Economic analysis of the costs of flooding,CANADIAN WATER RESOURCES JOURNAL,2016,10.1080/07011784.2015.1055804,,,,,Qualitative,Yes,,,Yes,No,,No,,0,No,Yes,,,
"Gaire, S; Delbiso, TD; Pandey, S; Guha-Sapir, D",Impact of disasters on child stunting in Nepal,RISK MANAGEMENT AND HEALTHCARE POLICY,2016,10.2147/RMHP.S101124,,,,,Quantitative,Yes,,,,No,,No,,0,No,Yes,No,No,Yes
"Hurlbert, MA; Mussetta, P; Turbay, S","Canadian, Argentinean, and Colombian Programs Building Resiliency to Extreme Events","CLIMATE CHANGE ADAPTATION, RESILIENCE AND HAZARDS",2016,10.1007/978-3-319-39880-8_26,,,,,Qualitative,Yes,,,Yes,No,,No,,0,No,Yes,,,
"Lascell, WA",Is Urban Sustainability Possible in Post-Katrina New Orleans?,URBAN SUSTAINABILITY: POLICY AND PRAXIS,2016,10.1007/978-3-319-26218-5_12,,,,,Qualitative,Yes,,,Yes,No,,Yes,social justice,2,No,Yes,,,
"Maldonado-Sanchez, EA; Ochoa-Gaona, S; Ramos-Reyes, R; Guadarrama-Olivera, MD; Gonzalez-Valdivia, N; de Jong, BHJ","The floodplain forest in Tabasco, Mexico, a threatened plant community",ACTA BOTANICA MEXICANA,2016,,,,Yes,,,,,,,,,,,,,,,,
"van Doorn-Hoekveld, WJ; Goytia, SB; Suykens, C; Homewood, S; Thuillier, T; Manson, C; Chmielewski, PJ; Matczak, P; van Rijswick, HFMW",Distributional effects of flood risk management-a cross-country comparison of preflood compensation,ECOLOGY AND SOCIETY,2016,10.5751/ES-08648-210426,,,,,Qualitative,Yes,,,Yes,No,,Yes,fair distribution of adverse effects,0,,,,,
"Moser, BA; Gallus, WA; Mantilla, R",An Initial Assessment of Radar Data Assimilation on Warm Season Rainfall Forecasts for Use in Hydrologic Models,WEATHER AND FORECASTING,2015,10.1175/WAF-D-14-00125.1,,,,,Quantitative,No,Equitable threat score: prediction metric,Yes,,,,,,,,,,,
"Bell, AR; Bryan, E; Ringler, C; Ahmed, A",Rice productivity in Bangladesh: What are the benefits of irrigation?,LAND USE POLICY,2015,10.1016/j.landusepol.2015.05.019,,,Yes,,,,,,,,,,,,,,,,
"Clement, V; Rey-Valette, H; Rulleau, B",Perceptions on equity and responsibility in coastal zone policies,ECOLOGICAL ECONOMICS,2015,10.1016/j.ecolecon.2015.09.005,,Yes,,,,,,,,,,,,,,,,,
"Mantovani, SAS; Delfino, BM; Martins, AC; Oliart-Guzman, H; Pereira, TM; Branco, FLCC; Brana, AM; Filgueira, JA; Santos, AP; Arruda, RA; Guimaraes, AS; Ramalho, AA; Oliveira, CSD; Araujo, TS; Arrospide, N; Estrada, CHML; Codeco, CT; da Silva-Nunes, M",Socioeconomic inequities and hepatitis A virus infection in Western Brazilian Amazonian children: spatial distribution and associated factors,BMC INFECTIOUS DISEASES,2015,10.1186/s12879-015-1164-9,,,Yes,,,,,,,,,,,,,,,,
"Grey, BJ",THE FUTURE OF EMOTIONAL HARM,FORDHAM LAW REVIEW,2015,,,,Yes,,Qualitative,,,,,,,,,,,,,,
"Kharge, AB; Wu, Y; Perlman, CE",Sulforhodamine B interacts with albumin to lower surface tension and protect against ventilation injury of flooded alveoli,JOURNAL OF APPLIED PHYSIOLOGY,2015,10.1152/japplphysiol.00818.2014,,,Yes,,,,,,,,,,,,,,,,
"Foudi, S; Oses-Eraso, N; Tamayo, I",Integrated spatial flood risk assessment: The case of Zaragoza,LAND USE POLICY,2015,10.1016/j.landusepol.2014.08.002,,,,,Quantitative,Yes,,,,No,,No,,0,No,Yes,No,No,Yes
"Sharma, BK","Phytoplankton diversity of Deepor Beel - a Ramsar site in the floodplain of the Brahmaputra River basin, Assam, north-east India",INDIAN JOURNAL OF FISHERIES,2015,,,,Yes,,,,,,,,,,,,,,,,
"Alfieri, L; Pappenberger, F; Wetterhall, F; Haiden, T; Richardson, D; Salamon, P",Evaluation of ensemble streamflow predictions in Europe,JOURNAL OF HYDROLOGY,2014,10.1016/j.jhydrol.2014.06.035,,,,,Quantitative,No,Prediction metric,Yes,,,,,,,,,,,
"Chakraborty, J; Collins, TW; Montgomery, MC; Grineski, SE","Social and Spatial Inequities in Exposure to Flood Risk in Miami, Florida",NATURAL HAZARDS REVIEW,2014,10.1061/(ASCE)NH.1527-6996.0000140,,,,,Quantitative,Yes,,,,Yes,Yes,Yes,"Environmental injustice is defined broadly as the unequal distribution of environmental risks and benefits, with the burden of the risks and the dearth of the benefits falling primarily on racial/ethnic minorities, lower-income populations, and other socially vulnerable individuals",2,Yes,Yes,No,No,Yes
"Sultana, F",Gendering Climate Change: Geographical Insights,PROFESSIONAL GEOGRAPHER,2014,10.1080/00330124.2013.821730,,,,,Qualitative,Yes,,,Yes,No,,No,,0,,,,,
"Jongman, B; Hochrainer-Stigler, S; Feyen, L; Aerts, JCJH; Mechler, R; Botzen, WJW; Bouwer, LM; Pflug, G; Rojas, R; Ward, PJ",Increasing stress on disaster-risk finance due to large floods,NATURE CLIMATE CHANGE,2014,10.1038/NCLIMATE2124,,,,,Quantitative,Yes,,,,No,,No,,0,No,Yes,No,Yes,Yes
"Dar, MH; de Janvry, A; Emerick, K; Raitzer, D; Sadoulet, E","Flood-tolerant rice reduces yield variability and raises expected yield, differentially benefitting socially disadvantaged groups",SCIENTIFIC REPORTS,2013,10.1038/srep03315,,,,,Quantitative,Yes,,,,No,,No,,0,No,Yes,No,No,No
"Chiaramonte, JB; Roberto, MD; Pagioro, TA",Seasonal Dynamics and Community Structure of Bacterioplankton in Upper Parana River Floodplain,MICROBIAL ECOLOGY,2013,10.1007/s00248-013-0292-2,,,Yes,,,,,,,,,,,,,,,,
"de Zaburlin, NM; Vogler, RE; Llano, VM; Martens, ISM",Phytoplankton of the Yacyreta Reservoir (Argentina-Paraguay) after a decade from its filling,REVISTA MEXICANA DE BIODIVERSIDAD,2013,10.7550/rmb.26831,,,Yes,,,,,,,,,,,,,,,,
"Ward, P",On the use of tradable development rights for reducing flood risk,LAND USE POLICY,2013,10.1016/j.landusepol.2012.09.004,,,,,Theoretical,Yes,,,Yes,No,,No,,0,No,Yes,Yes,Yes,Yes
"Pisaniello, JD; Tingey-Holyoak, JL; Burritt, RL",Dual-extreme cumulative impacts and threats in agricultural catchments: The need for effective integrated policy,AGRICULTURAL WATER MANAGEMENT,2013,10.1016/j.agwat.2012.12.003,,,,,Qualitative,Yes,,,Yes,No,,No,,0,,,,,
"Krawczyk, ACDB; Baldan, LT; Aranha, JMR; de Menezes, MS; Ahneida, CV",The invertebrate's community in adjacent Alto Iguacu's anthropic lakes of different environmental factors,BIOTA NEOTROPICA,2013,10.1590/S1676-06032013000100005,,,Yes,,,,,,,,,,,,,,,,
"La Rosa, D; Privitera, R",Characterization of non-urbanized areas for land-use planning of agricultural and green infrastructure in urban contexts,LANDSCAPE AND URBAN PLANNING,2013,10.1016/j.landurbplan.2012.05.012,,,Yes,,,,,,,,,,,,,,,,
"Wich, SA; Gaveau, D; Abram, N; Ancrenaz, M; Baccini, A; Brend, S; Curran, L; Delgado, RA; Erman, A; Fredriksson, GM; Goossens, B; Husson, SJ; Lackman, I; Marshall, AJ; Naomi, A; Molidena, E; Nardiyono; Nurcahyo, A; Odom, K; Panda, A; Purnomo; Rafiastanto, A; Ratnasari, D; Santana, AH; Sapari, I; van Schaik, CP; Sihite, J; Spehar, S; Santoso, E; Suyoko, A; Tiju, A; Usher, G; Atmoko, SSU; Willems, EP; Meijaard, E",Understanding the Impacts of Land-Use Policies on a Threatened Species: Is There a Future for the Bornean Orang-utan?,PLOS ONE,2012,10.1371/journal.pone.0049142,,,Yes,,,,,,,,,,,,,,,,
"Wei, CC; Roan, J","Retrievals for the Rainfall Rate over Land Using Special Sensor Microwave Imager Data during Tropical Cyclones: Comparisons of Scattering Index, Regression, and Support Vector Regression",JOURNAL OF HYDROMETEOROLOGY,2012,10.1175/JHM-D-11-0118.1,,,,,Quantitative,No,Equitable threat score: prediction metric,Yes,,,,,,,,,,,
"Zou, LL",The impacting factors of vulnerability to natural hazards in China: an analysis based on structural equation model,NATURAL HAZARDS,2012,10.1007/s11069-011-9976-4,,,,,Quantitative,Yes,,,,No,,No,,0,No,Yes,No,No,Yes
"Grineski, SE; Collins, TW; Ford, P; Fitzgerald, R; Aldouri, R; Velazquez-Angulo, G; Aguilar, MDR; Lu, DJ",Climate change and environmental injustice in a bi-national context,APPLIED GEOGRAPHY,2012,10.1016/j.apgeog.2011.05.013,,,,,Quantitative,Yes,,,,Yes,Yes,Yes,"Environmental justice (EJ) means that “that no group of people, including racial, ethnic or socio-economic groups, should bear a disproportionate share of the negative environmental consequences resulting from industrial, municipal and commercial operations or the execution of federal, state, local and tribal programs and polices",2,Yes,Yes,No,No,Yes
"Wei, CC",RBF Neural Networks Combined with Principal Component Analysis Applied to Quantitative Precipitation Forecast for a Reservoir Watershed during Typhoon Periods,JOURNAL OF HYDROMETEOROLOGY,2012,10.1175/JHM-D-11-03.1,,,,,Quantitative,No,Equitable threat score: prediction metric,Yes,,,,,,,,,,,
,,,,,,,,,,,,,,,,,,,,,,,
,,,,,,,,,,,,,,,,,,,,,,,
,,,,,,,,,,,,,,,,,,,,,,,
,,,,,,,,,,,,,,,,,,,,,,,
,,,,,,,,,,,,,,,,,,,,,,,
,,,,,,,,,,,,,,,,,,,,,,,
,,,,,,,,,,,,,,,,,,,,,,,
,,,,,,,,,,,,,,,,,,,,,,,
,,,,,,,,,,,,,,,,,,,,,,,
,,,,,,,,,,,,,,,,,,,,,,,
,,,,,,,,,,,,,,,,,,,,,,,
,,,,,,,,,,,,,,,,,,,,,,,
,,,,,,,,,,,,,,,,,,,,,,,
,,,,,,,,,,,,,,,,,,,,,,,
,,,,,,,,,,,,,,,,,,,,,,,
,,,,,,,,,,,,,,,,,,,,,,,
,,,,,,,,,,,,,,,,,,,,,,,
,,,,,,,,,,,,,,,,,,,,,,,
,,,,,,,,,,,,,,,,,,,,,,,
,,,,,,,,,,,,,,,,,,,,,,,
,,,,,,,,,,,,,,,,,,,,,,,
,,,,,,,,,,,,,,,,,,,,,,,
,,,,,,,,,,,,,,,,,,,,,,,
,,,,,,,,,,,,,,,,,,,,,,,
,,,,,,,,,,,,,,,,,,,,,,,
,,,,,,,,,,,,,,,,,,,,,,,
,,,,,,,,,,,,,,,,,,,,,,,
,,,,,,,,,,,,,,,,,,,,,,,
,,,,,,,,,,,,,,,,,,,,,,,
,,,,,,,,,,,,,,,,,,,,,,,
,,,,,,,,,,,,,,,,,,,,,,,
,,,,,,,,,,,,,,,,,,,,,,,
,,,,,,,,,,,,,,,,,,,,,,,
,,,,,,,,,,,,,,,,,,,,,,,
,,,,,,,,,,,,,,,,,,,,,,,
,,,,,,,,,,,,,,,,,,,,,,,
,,,,,,,,,,,,,,,,,,,,,,,
,,,,,,,,,,,,,,,,,,,,,,,
,,,,,,,,,,,,,,,,,,,,,,,
,,,,,,,,,,,,,,,,,,,,,,,
,,,,,,,,,,,,,,,,,,,,,,,
,,,,,,,,,,,,,,,,,,,,,,,
,,,,,,,,,,,,,,,,,,,,,,,
,,,,,,,,,,,,,,,,,,,,,,,
,,,,,,,,,,,,,,,,,,,,,,,
,,,,,,,,,,,,,,,,,,,,,,,
,,,,,,,,,,,,,,,,,,,,,,,
,,,,,,,,,,,,,,,,,,,,,,,
,,,,,,,,,,,,,,,,,,,,,,,
,,,,,,,,,,,,,,,,,,,,,,,
,,,,,,,,,,,,,,,,,,,,,,,
,,,,,,,,,,,,,,,,,,,,,,,
,,,,,,,,,,,,,,,,,,,,,,,
,,,,,,,,,,,,,,,,,,,,,,,
,,,,,,,,,,,,,,,,,,,,,,,
,,,,,,,,,,,,,,,,,,,,,,,
,,,,,,,,,,,,,,,,,,,,,,,
,,,,,,,,,,,,,,,,,,,,,,,
,,,,,,,,,,,,,,,,,,,,,,,
,,,,,,,,,,,,,,,,,,,,,,,
,,,,,,,,,,,,,,,,,,,,,,,
,,,,,,,,,,,,,,,,,,,,,,,
,,,,,,,,,,,,,,,,,,,,,,,
,,,,,,,,,,,,,,,,,,,,,,,
,,,,,,,,,,,,,,,,,,,,,,,
,,,,,,,,,,,,,,,,,,,,,,,
,,,,,,,,,,,,,,,,,,,,,,,
,,,,,,,,,,,,,,,,,,,,,,,
,,,,,,,,,,,,,,,,,,,,,,,
,,,,,,,,,,,,,,,,,,,,,,,
,,,,,,,,,,,,,,,,,,,,,,,
,,,,,,,,,,,,,,,,,,,,,,,
,,,,,,,,,,,,,,,,,,,,,,,
,,,,,,,,,,,,,,,,,,,,,,,
,,,,,,,,,,,,,,,,,,,,,,,
,,,,,,,,,,,,,,,,,,,,,,,
,,,,,,,,,,,,,,,,,,,,,,,
,,,,,,,,,,,,,,,,,,,,,,,
,,,,,,,,,,,,,,,,,,,,,,,
,,,,,,,,,,,,,,,,,,,,,,,
,,,,,,,,,,,,,,,,,,,,,,,
,,,,,,,,,,,,,,,,,,,,,,,
,,,,,,,,,,,,,,,,,,,,,,,
,,,,,,,,,,,,,,,,,,,,,,,
,,,,,,,,,,,,,,,,,,,,,,,
,,,,,,,,,,,,,,,,,,,,,,,
,,,,,,,,,,,,,,,,,,,,,,,
,,,,,,,,,,,,,,,,,,,,,,,
,,,,,,,,,,,,,,,,,,,,,,,
,,,,,,,,,,,,,,,,,,,,,,,
,,,,,,,,,,,,,,,,,,,,,,,
,,,,,,,,,,,,,,,,,,,,,,,
,,,,,,,,,,,,,,,,,,,,,,,
,,,,,,,,,,,,,,,,,,,,,,,
,,,,,,,,,,,,,,,,,,,,,,,
,,,,,,,,,,,,,,,,,,,,,,,
,,,,,,,,,,,,,,,,,,,,,,,
,,,,,,,,,,,,,,,,,,,,,,,
,,,,,,,,,,,,,,,,,,,,,,,
,,,,,,,,,,,,,,,,,,,,,,,
,,,,,,,,,,,,,,,,,,,,,,,
,,,,,,,,,,,,,,,,,,,,,,,
,,,,,,,,,,,,,,,,,,,,,,,
,,,,,,,,,,,,,,,,,,,,,,,
,,,,,,,,,,,,,,,,,,,,,,,
,,,,,,,,,,,,,,,,,,,,,,,
,,,,,,,,,,,,,,,,,,,,,,,
,,,,,,,,,,,,,,,,,,,,,,,
,,,,,,,,,,,,,,,,,,,,,,,
,,,,,,,,,,,,,,,,,,,,,,,
,,,,,,,,,,,,,,,,,,,,,,,
,,,,,,,,,,,,,,,,,,,,,,,
,,,,,,,,,,,,,,,,,,,,,,,
,,,,,,,,,,,,,,,,,,,,,,,
,,,,,,,,,,,,,,,,,,,,,,,
,,,,,,,,,,,,,,,,,,,,,,,
,,,,,,,,,,,,,,,,,,,,,,,
,,,,,,,,,,,,,,,,,,,,,,,
,,,,,,,,,,,,,,,,,,,,,,,
,,,,,,,,,,,,,,,,,,,,,,,
,,,,,,,,,,,,,,,,,,,,,,,
,,,,,,,,,,,,,,,,,,,,,,,
,,,,,,,,,,,,,,,,,,,,,,,
,,,,,,,,,,,,,,,,,,,,,,,
,,,,,,,,,,,,,,,,,,,,,,,
,,,,,,,,,,,,,,,,,,,,,,,
,,,,,,,,,,,,,,,,,,,,,,,
,,,,,,,,,,,,,,,,,,,,,,,
,,,,,,,,,,,,,,,,,,,,,,,
,,,,,,,,,,,,,,,,,,,,,,,
,,,,,,,,,,,,,,,,,,,,,,,
,,,,,,,,,,,,,,,,,,,,,,,
,,,,,,,,,,,,,,,,,,,,,,,
,,,,,,,,,,,,,,,,,,,,,,,
,,,,,,,,,,,,,,,,,,,,,,,
,,,,,,,,,,,,,,,,,,,,,,,
,,,,,,,,,,,,,,,,,,,,,,,
,,,,,,,,,,,,,,,,,,,,,,,
,,,,,,,,,,,,,,,,,,,,,,,
,,,,,,,,,,,,,,,,,,,,,,,
,,,,,,,,,,,,,,,,,,,,,,,
,,,,,,,,,,,,,,,,,,,,,,,
,,,,,,,,,,,,,,,,,,,,,,,
,,,,,,,,,,,,,,,,,,,,,,,
,,,,,,,,,,,,,,,,,,,,,,,
,,,,,,,,,,,,,,,,,,,,,,,
,,,,,,,,,,,,,,,,,,,,,,,
,,,,,,,,,,,,,,,,,,,,,,,
,,,,,,,,,,,,,,,,,,,,,,,
,,,,,,,,,,,,,,,,,,,,,,,
,,,,,,,,,,,,,,,,,,,,,,,
,,,,,,,,,,,,,,,,,,,,,,,
,,,,,,,,,,,,,,,,,,,,,,,
,,,,,,,,,,,,,,,,,,,,,,,
,,,,,,,,,,,,,,,,,,,,,,,
,,,,,,,,,,,,,,,,,,,,,,,
,,,,,,,,,,,,,,,,,,,,,,,
,,,,,,,,,,,,,,,,,,,,,,,
,,,,,,,,,,,,,,,,,,,,,,,
,,,,,,,,,,,,,,,,,,,,,,,
,,,,,,,,,,,,,,,,,,,,,,,
,,,,,,,,,,,,,,,,,,,,,,,
,,,,,,,,,,,,,,,,,,,,,,,
,,,,,,,,,,,,,,,,,,,,,,,
,,,,,,,,,,,,,,,,,,,,,,,
,,,,,,,,,,,,,,,,,,,,,,,
,,,,,,,,,,,,,,,,,,,,,,,
,,,,,,,,,,,,,,,,,,,,,,,
,,,,,,,,,,,,,,,,,,,,,,,
,,,,,,,,,,,,,,,,,,,,,,,
,,,,,,,,,,,,,,,,,,,,,,,
,,,,,,,,,,,,,,,,,,,,,,,
,,,,,,,,,,,,,,,,,,,,,,,
,,,,,,,,,,,,,,,,,,,,,,,
,,,,,,,,,,,,,,,,,,,,,,,
,,,,,,,,,,,,,,,,,,,,,,,
,,,,,,,,,,,,,,,,,,,,,,,
,,,,,,,,,,,,,,,,,,,,,,,
,,,,,,,,,,,,,,,,,,,,,,,
,,,,,,,,,,,,,,,,,,,,,,,
,,,,,,,,,,,,,,,,,,,,,,,
,,,,,,,,,,,,,,,,,,,,,,,
,,,,,,,,,,,,,,,,,,,,,,,
,,,,,,,,,,,,,,,,,,,,,,,
,,,,,,,,,,,,,,,,,,,,,,,
,,,,,,,,,,,,,,,,,,,,,,,
,,,,,,,,,,,,,,,,,,,,,,,
,,,,,,,,,,,,,,,,,,,,,,,
,,,,,,,,,,,,,,,,,,,,,,,
,,,,,,,,,,,,,,,,,,,,,,,
,,,,,,,,,,,,,,,,,,,,,,,
,,,,,,,,,,,,,,,,,,,,,,,
,,,,,,,,,,,,,,,,,,,,,,,
,,,,,,,,,,,,,,,,,,,,,,,
,,,,,,,,,,,,,,,,,,,,,,,
,,,,,,,,,,,,,,,,,,,,,,,
,,,,,,,,,,,,,,,,,,,,,,,
,,,,,,,,,,,,,,,,,,,,,,,
,,,,,,,,,,,,,,,,,,,,,,,
,,,,,,,,,,,,,,,,,,,,,,,
,,,,,,,,,,,,,,,,,,,,,,,
,,,,,,,,,,,,,,,,,,,,,,,
,,,,,,,,,,,,,,,,,,,,,,,
,,,,,,,,,,,,,,,,,,,,,,,
,,,,,,,,,,,,,,,,,,,,,,,
,,,,,,,,,,,,,,,,,,,,,,,
,,,,,,,,,,,,,,,,,,,,,,,
,,,,,,,,,,,,,,,,,,,,,,,
,,,,,,,,,,,,,,,,,,,,,,,
,,,,,,,,,,,,,,,,,,,,,,,
,,,,,,,,,,,,,,,,,,,,,,,
,,,,,,,,,,,,,,,,,,,,,,,
,,,,,,,,,,,,,,,,,,,,,,,
,,,,,,,,,,,,,,,,,,,,,,,
,,,,,,,,,,,,,,,,,,,,,,,
,,,,,,,,,,,,,,,,,,,,,,,
,,,,,,,,,,,,,,,,,,,,,,,
,,,,,,,,,,,,,,,,,,,,,,,
,,,,,,,,,,,,,,,,,,,,,,,
,,,,,,,,,,,,,,,,,,,,,,,
,,,,,,,,,,,,,,,,,,,,,,,
,,,,,,,,,,,,,,,,,,,,,,,
,,,,,,,,,,,,,,,,,,,,,,,
,,,,,,,,,,,,,,,,,,,,,,,
,,,,,,,,,,,,,,,,,,,,,,,
,,,,,,,,,,,,,,,,,,,,,,,
,,,,,,,,,,,,,,,,,,,,,,,
,,,,,,,,,,,,,,,,,,,,,,,
,,,,,,,,,,,,,,,,,,,,,,,
,,,,,,,,,,,,,,,,,,,,,,,
,,,,,,,,,,,,,,,,,,,,,,,
,,,,,,,,,,,,,,,,,,,,,,,
,,,,,,,,,,,,,,,,,,,,,,,
,,,,,,,,,,,,,,,,,,,,,,,
,,,,,,,,,,,,,,,,,,,,,,,
,,,,,,,,,,,,,,,,,,,,,,,
,,,,,,,,,,,,,,,,,,,,,,,
,,,,,,,,,,,,,,,,,,,,,,,
,,,,,,,,,,,,,,,,,,,,,,,
,,,,,,,,,,,,,,,,,,,,,,,
,,,,,,,,,,,,,,,,,,,,,,,
,,,,,,,,,,,,,,,,,,,,,,,
,,,,,,,,,,,,,,,,,,,,,,,
,,,,,,,,,,,,,,,,,,,,,,,
,,,,,,,,,,,,,,,,,,,,,,,
,,,,,,,,,,,,,,,,,,,,,,,
,,,,,,,,,,,,,,,,,,,,,,,
,,,,,,,,,,,,,,,,,,,,,,,
,,,,,,,,,,,,,,,,,,,,,,,
,,,,,,,,,,,,,,,,,,,,,,,
,,,,,,,,,,,,,,,,,,,,,,,
,,,,,,,,,,,,,,,,,,,,,,,
,,,,,,,,,,,,,,,,,,,,,,,
,,,,,,,,,,,,,,,,,,,,,,,
,,,,,,,,,,,,,,,,,,,,,,,
,,,,,,,,,,,,,,,,,,,,,,,
,,,,,,,,,,,,,,,,,,,,,,,
,,,,,,,,,,,,,,,,,,,,,,,
,,,,,,,,,,,,,,,,,,,,,,,
,,,,,,,,,,,,,,,,,,,,,,,
,,,,,,,,,,,,,,,,,,,,,,,
,,,,,,,,,,,,,,,,,,,,,,,
,,,,,,,,,,,,,,,,,,,,,,,
,,,,,,,,,,,,,,,,,,,,,,,
,,,,,,,,,,,,,,,,,,,,,,,
,,,,,,,,,,,,,,,,,,,,,,,
,,,,,,,,,,,,,,,,,,,,,,,
,,,,,,,,,,,,,,,,,,,,,,,
,,,,,,,,,,,,,,,,,,,,,,,
,,,,,,,,,,,,,,,,,,,,,,,
,,,,,,,,,,,,,,,,,,,,,,,
,,,,,,,,,,,,,,,,,,,,,,,
,,,,,,,,,,,,,,,,,,,,,,,
,,,,,,,,,,,,,,,,,,,,,,,
,,,,,,,,,,,,,,,,,,,,,,,
,,,,,,,,,,,,,,,,,,,,,,,
,,,,,,,,,,,,,,,,,,,,,,,
,,,,,,,,,,,,,,,,,,,,,,,
,,,,,,,,,,,,,,,,,,,,,,,
,,,,,,,,,,,,,,,,,,,,,,,
,,,,,,,,,,,,,,,,,,,,,,,
,,,,,,,,,,,,,,,,,,,,,,,
,,,,,,,,,,,,,,,,,,,,,,,
,,,,,,,,,,,,,,,,,,,,,,,
,,,,,,,,,,,,,,,,,,,,,,,
,,,,,,,,,,,,,,,,,,,,,,,
,,,,,,,,,,,,,,,,,,,,,,,
,,,,,,,,,,,,,,,,,,,,,,,
,,,,,,,,,,,,,,,,,,,,,,,
,,,,,,,,,,,,,,,,,,,,,,,
,,,,,,,,,,,,,,,,,,,,,,,
,,,,,,,,,,,,,,,,,,,,,,,
,,,,,,,,,,,,,,,,,,,,,,,
,,,,,,,,,,,,,,,,,,,,,,,
,,,,,,,,,,,,,,,,,,,,,,,
,,,,,,,,,,,,,,,,,,,,,,,
,,,,,,,,,,,,,,,,,,,,,,,
,,,,,,,,,,,,,,,,,,,,,,,
,,,,,,,,,,,,,,,,,,,,,,,
,,,,,,,,,,,,,,,,,,,,,,,
,,,,,,,,,,,,,,,,,,,,,,,
,,,,,,,,,,,,,,,,,,,,,,,
,,,,,,,,,,,,,,,,,,,,,,,
,,,,,,,,,,,,,,,,,,,,,,,
,,,,,,,,,,,,,,,,,,,,,,,
,,,,,,,,,,,,,,,,,,,,,,,
,,,,,,,,,,,,,,,,,,,,,,,
,,,,,,,,,,,,,,,,,,,,,,,
,,,,,,,,,,,,,,,,,,,,,,,
,,,,,,,,,,,,,,,,,,,,,,,
,,,,,,,,,,,,,,,,,,,,,,,
,,,,,,,,,,,,,,,,,,,,,,,
,,,,,,,,,,,,,,,,,,,,,,,
,,,,,,,,,,,,,,,,,,,,,,,
,,,,,,,,,,,,,,,,,,,,,,,
,,,,,,,,,,,,,,,,,,,,,,,
,,,,,,,,,,,,,,,,,,,,,,,
,,,,,,,,,,,,,,,,,,,,,,,
,,,,,,,,,,,,,,,,,,,,,,,
,,,,,,,,,,,,,,,,,,,,,,,
,,,,,,,,,,,,,,,,,,,,,,,
,,,,,,,,,,,,,,,,,,,,,,,
,,,,,,,,,,,,,,,,,,,,,,,
,,,,,,,,,,,,,,,,,,,,,,,
,,,,,,,,,,,,,,,,,,,,,,,
,,,,,,,,,,,,,,,,,,,,,,,
,,,,,,,,,,,,,,,,,,,,,,,
,,,,,,,,,,,,,,,,,,,,,,,
,,,,,,,,,,,,,,,,,,,,,,,
,,,,,,,,,,,,,,,,,,,,,,,
,,,,,,,,,,,,,,,,,,,,,,,
,,,,,,,,,,,,,,,,,,,,,,,
,,,,,,,,,,,,,,,,,,,,,,,
,,,,,,,,,,,,,,,,,,,,,,,
,,,,,,,,,,,,,,,,,,,,,,,
,,,,,,,,,,,,,,,,,,,,,,,
,,,,,,,,,,,,,,,,,,,,,,,
,,,,,,,,,,,,,,,,,,,,,,,
,,,,,,,,,,,,,,,,,,,,,,,
,,,,,,,,,,,,,,,,,,,,,,,
,,,,,,,,,,,,,,,,,,,,,,,
,,,,,,,,,,,,,,,,,,,,,,,
,,,,,,,,,,,,,,,,,,,,,,,
,,,,,,,,,,,,,,,,,,,,,,,
,,,,,,,,,,,,,,,,,,,,,,,
,,,,,,,,,,,,,,,,,,,,,,,
,,,,,,,,,,,,,,,,,,,,,,,
,,,,,,,,,,,,,,,,,,,,,,,
,,,,,,,,,,,,,,,,,,,,,,,
,,,,,,,,,,,,,,,,,,,,,,,
,,,,,,,,,,,,,,,,,,,,,,,
,,,,,,,,,,,,,,,,,,,,,,,
,,,,,,,,,,,,,,,,,,,,,,,
,,,,,,,,,,,,,,,,,,,,,,,
,,,,,,,,,,,,,,,,,,,,,,,
,,,,,,,,,,,,,,,,,,,,,,,
,,,,,,,,,,,,,,,,,,,,,,,
,,,,,,,,,,,,,,,,,,,,,,,
,,,,,,,,,,,,,,,,,,,,,,,
,,,,,,,,,,,,,,,,,,,,,,,
,,,,,,,,,,,,,,,,,,,,,,,
,,,,,,,,,,,,,,,,,,,,,,,
,,,,,,,,,,,,,,,,,,,,,,,
,,,,,,,,,,,,,,,,,,,,,,,
,,,,,,,,,,,,,,,,,,,,,,,
,,,,,,,,,,,,,,,,,,,,,,,
,,,,,,,,,,,,,,,,,,,,,,,
,,,,,,,,,,,,,,,,,,,,,,,
,,,,,,,,,,,,,,,,,,,,,,,
,,,,,,,,,,,,,,,,,,,,,,,
,,,,,,,,,,,,,,,,,,,,,,,
,,,,,,,,,,,,,,,,,,,,,,,
,,,,,,,,,,,,,,,,,,,,,,,
,,,,,,,,,,,,,,,,,,,,,,,
,,,,,,,,,,,,,,,,,,,,,,,
,,,,,,,,,,,,,,,,,,,,,,,
,,,,,,,,,,,,,,,,,,,,,,,
,,,,,,,,,,,,,,,,,,,,,,,
,,,,,,,,,,,,,,,,,,,,,,,
,,,,,,,,,,,,,,,,,,,,,,,
,,,,,,,,,,,,,,,,,,,,,,,
,,,,,,,,,,,,,,,,,,,,,,,
,,,,,,,,,,,,,,,,,,,,,,,
,,,,,,,,,,,,,,,,,,,,,,,
,,,,,,,,,,,,,,,,,,,,,,,
,,,,,,,,,,,,,,,,,,,,,,,
,,,,,,,,,,,,,,,,,,,,,,,
,,,,,,,,,,,,,,,,,,,,,,,
,,,,,,,,,,,,,,,,,,,,,,,
,,,,,,,,,,,,,,,,,,,,,,,
,,,,,,,,,,,,,,,,,,,,,,,
,,,,,,,,,,,,,,,,,,,,,,,
,,,,,,,,,,,,,,,,,,,,,,,
,,,,,,,,,,,,,,,,,,,,,,,
,,,,,,,,,,,,,,,,,,,,,,,
,,,,,,,,,,,,,,,,,,,,,,,
,,,,,,,,,,,,,,,,,,,,,,,
,,,,,,,,,,,,,,,,,,,,,,,
,,,,,,,,,,,,,,,,,,,,,,,
,,,,,,,,,,,,,,,,,,,,,,,
,,,,,,,,,,,,,,,,,,,,,,,
,,,,,,,,,,,,,,,,,,,,,,,
,,,,,,,,,,,,,,,,,,,,,,,
,,,,,,,,,,,,,,,,,,,,,,,
,,,,,,,,,,,,,,,,,,,,,,,
,,,,,,,,,,,,,,,,,,,,,,,
,,,,,,,,,,,,,,,,,,,,,,,
,,,,,,,,,,,,,,,,,,,,,,,
,,,,,,,,,,,,,,,,,,,,,,,
,,,,,,,,,,,,,,,,,,,,,,,
,,,,,,,,,,,,,,,,,,,,,,,
,,,,,,,,,,,,,,,,,,,,,,,
,,,,,,,,,,,,,,,,,,,,,,,
,,,,,,,,,,,,,,,,,,,,,,,
,,,,,,,,,,,,,,,,,,,,,,,
,,,,,,,,,,,,,,,,,,,,,,,
,,,,,,,,,,,,,,,,,,,,,,,
,,,,,,,,,,,,,,,,,,,,,,,
,,,,,,,,,,,,,,,,,,,,,,,
,,,,,,,,,,,,,,,,,,,,,,,
,,,,,,,,,,,,,,,,,,,,,,,
,,,,,,,,,,,,,,,,,,,,,,,
,,,,,,,,,,,,,,,,,,,,,,,
,,,,,,,,,,,,,,,,,,,,,,,
,,,,,,,,,,,,,,,,,,,,,,,
,,,,,,,,,,,,,,,,,,,,,,,
,,,,,,,,,,,,,,,,,,,,,,,
,,,,,,,,,,,,,,,,,,,,,,,
,,,,,,,,,,,,,,,,,,,,,,,
,,,,,,,,,,,,,,,,,,,,,,,
,,,,,,,,,,,,,,,,,,,,,,,
,,,,,,,,,,,,,,,,,,,,,,,
,,,,,,,,,,,,,,,,,,,,,,,
,,,,,,,,,,,,,,,,,,,,,,,
,,,,,,,,,,,,,,,,,,,,,,,
,,,,,,,,,,,,,,,,,,,,,,,
,,,,,,,,,,,,,,,,,,,,,,,
,,,,,,,,,,,,,,,,,,,,,,,
,,,,,,,,,,,,,,,,,,,,,,,
,,,,,,,,,,,,,,,,,,,,,,,
,,,,,,,,,,,,,,,,,,,,,,,
,,,,,,,,,,,,,,,,,,,,,,,
,,,,,,,,,,,,,,,,,,,,,,,
,,,,,,,,,,,,,,,,,,,,,,,
,,,,,,,,,,,,,,,,,,,,,,,
,,,,,,,,,,,,,,,,,,,,,,,
,,,,,,,,,,,,,,,,,,,,,,,
,,,,,,,,,,,,,,,,,,,,,,,
,,,,,,,,,,,,,,,,,,,,,,,
,,,,,,,,,,,,,,,,,,,,,,,
,,,,,,,,,,,,,,,,,,,,,,,
,,,,,,,,,,,,,,,,,,,,,,,
,,,,,,,,,,,,,,,,,,,,,,,
,,,,,,,,,,,,,,,,,,,,,,,
,,,,,,,,,,,,,,,,,,,,,,,
,,,,,,,,,,,,,,,,,,,,,,,
,,,,,,,,,,,,,,,,,,,,,,,
,,,,,,,,,,,,,,,,,,,,,,,
,,,,,,,,,,,,,,,,,,,,,,,
,,,,,,,,,,,,,,,,,,,,,,,
,,,,,,,,,,,,,,,,,,,,,,,
,,,,,,,,,,,,,,,,,,,,,,,
,,,,,,,,,,,,,,,,,,,,,,,
,,,,,,,,,,,,,,,,,,,,,,,
,,,,,,,,,,,,,,,,,,,,,,,
,,,,,,,,,,,,,,,,,,,,,,,
,,,,,,,,,,,,,,,,,,,,,,,
,,,,,,,,,,,,,,,,,,,,,,,
,,,,,,,,,,,,,,,,,,,,,,,
,,,,,,,,,,,,,,,,,,,,,,,
,,,,,,,,,,,,,,,,,,,,,,,
,,,,,,,,,,,,,,,,,,,,,,,
,,,,,,,,,,,,,,,,,,,,,,,
,,,,,,,,,,,,,,,,,,,,,,,
,,,,,,,,,,,,,,,,,,,,,,,
,,,,,,,,,,,,,,,,,,,,,,,
,,,,,,,,,,,,,,,,,,,,,,,
,,,,,,,,,,,,,,,,,,,,,,,
,,,,,,,,,,,,,,,,,,,,,,,
,,,,,,,,,,,,,,,,,,,,,,,
,,,,,,,,,,,,,,,,,,,,,,,
,,,,,,,,,,,,,,,,,,,,,,,
,,,,,,,,,,,,,,,,,,,,,,,
,,,,,,,,,,,,,,,,,,,,,,,
,,,,,,,,,,,,,,,,,,,,,,,
,,,,,,,,,,,,,,,,,,,,,,,
,,,,,,,,,,,,,,,,,,,,,,,
,,,,,,,,,,,,,,,,,,,,,,,
,,,,,,,,,,,,,,,,,,,,,,,
,,,,,,,,,,,,,,,,,,,,,,,
,,,,,,,,,,,,,,,,,,,,,,,
,,,,,,,,,,,,,,,,,,,,,,,
,,,,,,,,,,,,,,,,,,,,,,,
,,,,,,,,,,,,,,,,,,,,,,,
,,,,,,,,,,,,,,,,,,,,,,,
,,,,,,,,,,,,,,,,,,,,,,,
,,,,,,,,,,,,,,,,,,,,,,,
,,,,,,,,,,,,,,,,,,,,,,,
,,,,,,,,,,,,,,,,,,,,,,,
,,,,,,,,,,,,,,,,,,,,,,,
,,,,,,,,,,,,,,,,,,,,,,,
,,,,,,,,,,,,,,,,,,,,,,,
,,,,,,,,,,,,,,,,,,,,,,,
,,,,,,,,,,,,,,,,,,,,,,,
,,,,,,,,,,,,,,,,,,,,,,,
,,,,,,,,,,,,,,,,,,,,,,,
,,,,,,,,,,,,,,,,,,,,,,,
,,,,,,,,,,,,,,,,,,,,,,,
,,,,,,,,,,,,,,,,,,,,,,,
,,,,,,,,,,,,,,,,,,,,,,,
,,,,,,,,,,,,,,,,,,,,,,,
,,,,,,,,,,,,,,,,,,,,,,,
,,,,,,,,,,,,,,,,,,,,,,,
,,,,,,,,,,,,,,,,,,,,,,,
,,,,,,,,,,,,,,,,,,,,,,,
,,,,,,,,,,,,,,,,,,,,,,,
,,,,,,,,,,,,,,,,,,,,,,,
,,,,,,,,,,,,,,,,,,,,,,,
,,,,,,,,,,,,,,,,,,,,,,,
,,,,,,,,,,,,,,,,,,,,,,,
,,,,,,,,,,,,,,,,,,,,,,,
,,,,,,,,,,,,,,,,,,,,,,,
,,,,,,,,,,,,,,,,,,,,,,,
,,,,,,,,,,,,,,,,,,,,,,,
,,,,,,,,,,,,,,,,,,,,,,,
,,,,,,,,,,,,,,,,,,,,,,,
,,,,,,,,,,,,,,,,,,,,,,,
,,,,,,,,,,,,,,,,,,,,,,,
,,,,,,,,,,,,,,,,,,,,,,,
,,,,,,,,,,,,,,,,,,,,,,,
,,,,,,,,,,,,,,,,,,,,,,,
,,,,,,,,,,,,,,,,,,,,,,,
,,,,,,,,,,,,,,,,,,,,,,,
,,,,,,,,,,,,,,,,,,,,,,,
,,,,,,,,,,,,,,,,,,,,,,,
,,,,,,,,,,,,,,,,,,,,,,,
,,,,,,,,,,,,,,,,,,,,,,,
,,,,,,,,,,,,,,,,,,,,,,,
,,,,,,,,,,,,,,,,,,,,,,,
,,,,,,,,,,,,,,,,,,,,,,,
,,,,,,,,,,,,,,,,,,,,,,,
,,,,,,,,,,,,,,,,,,,,,,,
,,,,,,,,,,,,,,,,,,,,,,,
,,,,,,,,,,,,,,,,,,,,,,,
,,,,,,,,,,,,,,,,,,,,,,,
,,,,,,,,,,,,,,,,,,,,,,,
,,,,,,,,,,,,,,,,,,,,,,,
,,,,,,,,,,,,,,,,,,,,,,,
,,,,,,,,,,,,,,,,,,,,,,,
,,,,,,,,,,,,,,,,,,,,,,,
,,,,,,,,,,,,,,,,,,,,,,,
,,,,,,,,,,,,,,,,,,,,,,,
,,,,,,,,,,,,,,,,,,,,,,,
,,,,,,,,,,,,,,,,,,,,,,,
,,,,,,,,,,,,,,,,,,,,,,,
,,,,,,,,,,,,,,,,,,,,,,,
,,,,,,,,,,,,,,,,,,,,,,,
,,,,,,,,,,,,,,,,,,,,,,,
,,,,,,,,,,,,,,,,,,,,,,,
,,,,,,,,,,,,,,,,,,,,,,,
,,,,,,,,,,,,,,,,,,,,,,,
,,,,,,,,,,,,,,,,,,,,,,,
,,,,,,,,,,,,,,,,,,,,,,,
,,,,,,,,,,,,,,,,,,,,,,,
,,,,,,,,,,,,,,,,,,,,,,,
,,,,,,,,,,,,,,,,,,,,,,,
,,,,,,,,,,,,,,,,,,,,,,,
,,,,,,,,,,,,,,,,,,,,,,,
,,,,,,,,,,,,,,,,,,,,,,,
,,,,,,,,,,,,,,,,,,,,,,,
,,,,,,,,,,,,,,,,,,,,,,,
,,,,,,,,,,,,,,,,,,,,,,,
,,,,,,,,,,,,,,,,,,,,,,,
,,,,,,,,,,,,,,,,,,,,,,,
,,,,,,,,,,,,,,,,,,,,,,,
,,,,,,,,,,,,,,,,,,,,,,,
,,,,,,,,,,,,,,,,,,,,,,,
,,,,,,,,,,,,,,,,,,,,,,,
,,,,,,,,,,,,,,,,,,,,,,,
,,,,,,,,,,,,,,,,,,,,,,,
,,,,,,,,,,,,,,,,,,,,,,,
,,,,,,,,,,,,,,,,,,,,,,,
,,,,,,,,,,,,,,,,,,,,,,,
,,,,,,,,,,,,,,,,,,,,,,,
,,,,,,,,,,,,,,,,,,,,,,,
,,,,,,,,,,,,,,,,,,,,,,,
,,,,,,,,,,,,,,,,,,,,,,,
,,,,,,,,,,,,,,,,,,,,,,,
,,,,,,,,,,,,,,,,,,,,,,,
,,,,,,,,,,,,,,,,,,,,,,,
,,,,,,,,,,,,,,,,,,,,,,,
,,,,,,,,,,,,,,,,,,,,,,,
,,,,,,,,,,,,,,,,,,,,,,,
,,,,,,,,,,,,,,,,,,,,,,,
,,,,,,,,,,,,,,,,,,,,,,,
,,,,,,,,,,,,,,,,,,,,,,,
,,,,,,,,,,,,,,,,,,,,,,,
,,,,,,,,,,,,,,,,,,,,,,,
,,,,,,,,,,,,,,,,,,,,,,,
,,,,,,,,,,,,,,,,,,,,,,,
,,,,,,,,,,,,,,,,,,,,,,,
,,,,,,,,,,,,,,,,,,,,,,,
,,,,,,,,,,,,,,,,,,,,,,,
,,,,,,,,,,,,,,,,,,,,,,,
,,,,,,,,,,,,,,,,,,,,,,,
,,,,,,,,,,,,,,,,,,,,,,,
,,,,,,,,,,,,,,,,,,,,,,,
,,,,,,,,,,,,,,,,,,,,,,,
,,,,,,,,,,,,,,,,,,,,,,,
,,,,,,,,,,,,,,,,,,,,,,,
,,,,,,,,,,,,,,,,,,,,,,,
,,,,,,,,,,,,,,,,,,,,,,,
,,,,,,,,,,,,,,,,,,,,,,,
,,,,,,,,,,,,,,,,,,,,,,,
,,,,,,,,,,,,,,,,,,,,,,,
,,,,,,,,,,,,,,,,,,,,,,,
,,,,,,,,,,,,,,,,,,,,,,,
,,,,,,,,,,,,,,,,,,,,,,,
,,,,,,,,,,,,,,,,,,,,,,,
,,,,,,,,,,,,,,,,,,,,,,,
,,,,,,,,,,,,,,,,,,,,,,,
,,,,,,,,,,,,,,,,,,,,,,,
,,,,,,,,,,,,,,,,,,,,,,,
,,,,,,,,,,,,,,,,,,,,,,,
,,,,,,,,,,,,,,,,,,,,,,,
,,,,,,,,,,,,,,,,,,,,,,,
,,,,,,,,,,,,,,,,,,,,,,,
,,,,,,,,,,,,,,,,,,,,,,,
,,,,,,,,,,,,,,,,,,,,,,,
,,,,,,,,,,,,,,,,,,,,,,,
,,,,,,,,,,,,,,,,,,,,,,,
,,,,,,,,,,,,,,,,,,,,,,,
,,,,,,,,,,,,,,,,,,,,,,,
,,,,,,,,,,,,,,,,,,,,,,,
,,,,,,,,,,,,,,,,,,,,,,,
,,,,,,,,,,,,,,,,,,,,,,,
,,,,,,,,,,,,,,,,,,,,,,,
,,,,,,,,,,,,,,,,,,,,,,,
,,,,,,,,,,,,,,,,,,,,,,,
,,,,,,,,,,,,,,,,,,,,,,,
,,,,,,,,,,,,,,,,,,,,,,,
,,,,,,,,,,,,,,,,,,,,,,,
,,,,,,,,,,,,,,,,,,,,,,,
,,,,,,,,,,,,,,,,,,,,,,,
,,,,,,,,,,,,,,,,,,,,,,,
,,,,,,,,,,,,,,,,,,,,,,,
,,,,,,,,,,,,,,,,,,,,,,,
,,,,,,,,,,,,,,,,,,,,,,,
,,,,,,,,,,,,,,,,,,,,,,,
,,,,,,,,,,,,,,,,,,,,,,,
,,,,,,,,,,,,,,,,,,,,,,,
,,,,,,,,,,,,,,,,,,,,,,,
,,,,,,,,,,,,,,,,,,,,,,,
,,,,,,,,,,,,,,,,,,,,,,,
,,,,,,,,,,,,,,,,,,,,,,,
,,,,,,,,,,,,,,,,,,,,,,,
,,,,,,,,,,,,,,,,,,,,,,,
,,,,,,,,,,,,,,,,,,,,,,,
,,,,,,,,,,,,,,,,,,,,,,,
,,,,,,,,,,,,,,,,,,,,,,,
,,,,,,,,,,,,,,,,,,,,,,,
,,,,,,,,,,,,,,,,,,,,,,,
,,,,,,,,,,,,,,,,,,,,,,,
,,,,,,,,,,,,,,,,,,,,,,,
,,,,,,,,,,,,,,,,,,,,,,,
,,,,,,,,,,,,,,,,,,,,,,,
,,,,,,,,,,,,,,,,,,,,,,,
,,,,,,,,,,,,,,,,,,,,,,,
,,,,,,,,,,,,,,,,,,,,,,,
,,,,,,,,,,,,,,,,,,,,,,,
,,,,,,,,,,,,,,,,,,,,,,,
,,,,,,,,,,,,,,,,,,,,,,,
,,,,,,,,,,,,,,,,,,,,,,,
,,,,,,,,,,,,,,,,,,,,,,,
,,,,,,,,,,,,,,,,,,,,,,,
,,,,,,,,,,,,,,,,,,,,,,,
,,,,,,,,,,,,,,,,,,,,,,,
,,,,,,,,,,,,,,,,,,,,,,,
,,,,,,,,,,,,,,,,,,,,,,,
,,,,,,,,,,,,,,,,,,,,,,,
,,,,,,,,,,,,,,,,,,,,,,,
,,,,,,,,,,,,,,,,,,,,,,,
,,,,,,,,,,,,,,,,,,,,,,,
,,,,,,,,,,,,,,,,,,,,,,,
,,,,,,,,,,,,,,,,,,,,,,,
,,,,,,,,,,,,,,,,,,,,,,,
,,,,,,,,,,,,,,,,,,,,,,,
,,,,,,,,,,,,,,,,,,,,,,,
,,,,,,,,,,,,,,,,,,,,,,,
,,,,,,,,,,,,,,,,,,,,,,,
,,,,,,,,,,,,,,,,,,,,,,,
,,,,,,,,,,,,,,,,,,,,,,,
,,,,,,,,,,,,,,,,,,,,,,,
,,,,,,,,,,,,,,,,,,,,,,,
,,,,,,,,,,,,,,,,,,,,,,,
,,,,,,,,,,,,,,,,,,,,,,,
,,,,,,,,,,,,,,,,,,,,,,,
,,,,,,,,,,,,,,,,,,,,,,,
,,,,,,,,,,,,,,,,,,,,,,,
,,,,,,,,,,,,,,,,,,,,,,,
,,,,,,,,,,,,,,,,,,,,,,,
,,,,,,,,,,,,,,,,,,,,,,,
,,,,,,,,,,,,,,,,,,,,,,,
,,,,,,,,,,,,,,,,,,,,,,,
,,,,,,,,,,,,,,,,,,,,,,,
,,,,,,,,,,,,,,,,,,,,,,,
,,,,,,,,,,,,,,,,,,,,,,,
,,,,,,,,,,,,,,,,,,,,,,,
,,,,,,,,,,,,,,,,,,,,,,,
,,,,,,,,,,,,,,,,,,,,,,,
,,,,,,,,,,,,,,,,,,,,,,,
,,,,,,,,,,,,,,,,,,,,,,,
,,,,,,,,,,,,,,,,,,,,,,,
,,,,,,,,,,,,,,,,,,,,,,,
,,,,,,,,,,,,,,,,,,,,,,,
,,,,,,,,,,,,,,,,,,,,,,,
,,,,,,,,,,,,,,,,,,,,,,,
,,,,,,,,,,,,,,,,,,,,,,,
,,,,,,,,,,,,,,,,,,,,,,,
,,,,,,,,,,,,,,,,,,,,,,,
,,,,,,,,,,,,,,,,,,,,,,,
,,,,,,,,,,,,,,,,,,,,,,,
,,,,,,,,,,,,,,,,,,,,,,,
,,,,,,,,,,,,,,,,,,,,,,,
,,,,,,,,,,,,,,,,,,,,,,,
,,,,,,,,,,,,,,,,,,,,,,,
,,,,,,,,,,,,,,,,,,,,,,,
,,,,,,,,,,,,,,,,,,,,,,,
,,,,,,,,,,,,,,,,,,,,,,,
,,,,,,,,,,,,,,,,,,,,,,,
,,,,,,,,,,,,,,,,,,,,,,,
,,,,,,,,,,,,,,,,,,,,,,,
,,,,,,,,,,,,,,,,,,,,,,,
,,,,,,,,,,,,,,,,,,,,,,,
,,,,,,,,,,,,,,,,,,,,,,,
,,,,,,,,,,,,,,,,,,,,,,,
,,,,,,,,,,,,,,,,,,,,,,,
,,,,,,,,,,,,,,,,,,,,,,,
,,,,,,,,,,,,,,,,,,,,,,,
,,,,,,,,,,,,,,,,,,,,,,,
,,,,,,,,,,,,,,,,,,,,,,,
,,,,,,,,,,,,,,,,,,,,,,,
,,,,,,,,,,,,,,,,,,,,,,,
,,,,,,,,,,,,,,,,,,,,,,,
,,,,,,,,,,,,,,,,,,,,,,,
,,,,,,,,,,,,,,,,,,,,,,,
,,,,,,,,,,,,,,,,,,,,,,,
,,,,,,,,,,,,,,,,,,,,,,,
,,,,,,,,,,,,,,,,,,,,,,,
,,,,,,,,,,,,,,,,,,,,,,,
,,,,,,,,,,,,,,,,,,,,,,,
,,,,,,,,,,,,,,,,,,,,,,,
,,,,,,,,,,,,,,,,,,,,,,,
,,,,,,,,,,,,,,,,,,,,,,,
,,,,,,,,,,,,,,,,,,,,,,,
,,,,,,,,,,,,,,,,,,,,,,,
,,,,,,,,,,,,,,,,,,,,,,,
,,,,,,,,,,,,,,,,,,,,,,,
,,,,,,,,,,,,,,,,,,,,,,,
,,,,,,,,,,,,,,,,,,,,,,,
,,,,,,,,,,,,,,,,,,,,,,,
,,,,,,,,,,,,,,,,,,,,,,,
,,,,,,,,,,,,,,,,,,,,,,,
,,,,,,,,,,,,,,,,,,,,,,,
,,,,,,,,,,,,,,,,,,,,,,,
,,,,,,,,,,,,,,,,,,,,,,,
,,,,,,,,,,,,,,,,,,,,,,,
,,,,,,,,,,,,,,,,,,,,,,,
,,,,,,,,,,,,,,,,,,,,,,,
,,,,,,,,,,,,,,,,,,,,,,,
,,,,,,,,,,,,,,,,,,,,,,,
,,,,,,,,,,,,,,,,,,,,,,,
,,,,,,,,,,,,,,,,,,,,,,,
,,,,,,,,,,,,,,,,,,,,,,,
,,,,,,,,,,,,,,,,,,,,,,,
,,,,,,,,,,,,,,,,,,,,,,,
,,,,,,,,,,,,,,,,,,,,,,,