doi,moral_stated,what_dist,what_dist_detail,whom_dist,whom_dist_detail,other_dist,data,how_dist_assess,how_dist_fair,how_dist_fair_detail,how_dist_meas,how_dist_detail,meas_scale,equity_why,,,,,,,,,,,,,,,,,,,
10.1016/j.landurbplan.2022.104417,Not stated,Exposure,Pluvial flood risk calculated with arc-malstrom method. Characterize quantitative estimates into small and large flood areas,Small Census Areas,Census block groups,Demographics; Environmental Burden,Atlas 14 NOAA model; Portland's Sewer Design Manual 100-year storm equation; digital elevation model; 5-year estimates from american community survey in 2018; city-level green infrastructure datasets,Adaptation Instruments; Vulnerability,Other Considerations,"Reference historical injustices; They don't control for potential endogeneity of where GI is located. They could have looked at GI siting over time, and the assignment could be considered as-if random, but didn't",Regression,Race; GI Density; Median household income; Age; Education; regression of pluvial risk with these covariates in spatial lag model,No,None,,,,,,,,,,,,,,,,,,,
10.1016/j.landurbplan.2022.104417,Not stated,Benefits,"Green infrastructure density  calculated as percentage of census block group's area that intersects with blue-spot areas, normalized between minimum and maximum values for each study city ",Small Census Areas,Census block groups,Demographics, city-level green infrastructure datasets; 5-year estimates from american community survey in 2018,Vulnerability,Other Considerations,Reference historical injustices,Spatial,Race; Spatial hot-spot analysis,No,None,,,,,,,,,,,,,,,,,,,
10.1016/j.landurbplan.2022.104417,Not stated,Benefits,"Green infrastructure density  calculated as percentage of census block group's area that intersects with blue-spot areas, normalized between minimum and maximum values for each study city ",Small Census Areas,Census block groups,Demographics, city-level green infrastructure datasets; 5-year estimates from american community survey in 2018,Vulnerability,Other Considerations,Reference historical injustices,Spatial,Race; Spatial hot-spot analysis,No,None,,,,,,,,,,,,,,,,,,,
10.1016/j.landurbplan.2022.104417,Not stated,Vulnerability,Preparedness index based off combination of pluvial flood risk calculated with arc-malstrom method and 4 groups of percentiles of green infrastructure density within study area,Small Census Areas,Census block groups,Demographics,Atlas 14 NOAA model; Portland's Sewer Design Manual 100-year storm equation; digital elevation model; 5-year estimates from american community survey in 2018; city-level green infrastructure datasets,Vulnerability; Exposure,Other Considerations,Reference historical injustices,Spatial; Chi-squared,"Income, Race; Hotspot analysis; Chi-squared statistics",No,None,,,,,,,,,,,,,,,,,,,
10.1016/j.landurbplan.2022.104417,Not stated,Benefits,"Number of green infrastructure sites grouped into categories of no change, low increase, medium increase and high increase based on changes from beginning to end of samples in case studies",Small Census Areas,Census block groups,Environmental Burden,5-year estimates from american community survey in 2018; city-level green infrastructure datasets,Vulnerability,Other Considerations,Reference historical injustices,Spatial,"Hotspot analysis for % area covered in ""blue spots"" and GI categories",No,None,,,,,,,,,,,,,,,,,,,
10.1016/j.apgeog.2021.102627,Not stated,Exposure,"They use FEMA flood zones to define high, moderate and low-risk areas. They use area of census block group intersections with these zones to assign census block groups at different risk levels",Small Census Areas,Census block groups,Demographics,NFHL; LULC 2016; ACS 2013-2017,Vulnerability,Other Considerations,References to social disadvantage,Regression,Logistic regression; Population density; age; renters; income; rent; distance to coast,No,None,,,,,,,,,,,,,,,,,,,
10.1029/2020EF001963,Not stated,Risk,"Flood risk is calculated in a monte-carlo framework under different RCP projection scenarios. They look at income loss due to average annual cloastal flood damage as a function of income bracket across 3 different areas (county, redwood shores and east palo alto). The areas have different demographics, and east palo alto and redwood shores are neighborhoods in the county. The risk data is at the household level and the income data is from ACS downscaled to the home, but the comparisons appear to be at the neighborhood level and across income (homes within the areas) so breaking this into two measurements",Neighborhood,Redwood Shores and East Palo Alto,Demographics,2017 Bureau of Labor Statistics estimates of national household expenses; 2013-2017 American Community Survey,Vulnerability,Other Considerations,Contextualize vulnerability indicators  to capture historically disadvantaged groups,Mean,Income bracket; Grouped by neighborhoods whose demographics are shown later,No,None,,,,,,,,,,,,,,,,,,,
10.1029/2020EF001963,Not stated,Risk,"Flood risk is calculated in a monte-carlo framework under different RCP projection scenarios. They look at income loss due to average annual cloastal flood damage as a function of income bracket across 3 different areas (county, redwood shores and east palo alto). The areas have different demographics, and east palo alto and redwood shores are neighborhoods in the county. The risk data is at the household level and the income data is from ACS downscaled to the home, but the comparisons appear to be at the neighborhood level and across income (homes within the areas) so breaking this into two measurements",Individuals,Across households with different incomes,Demographics,2017 Bureau of Labor Statistics estimates of national household expenses; 2013-2017 American Community Survey,Vulnerability,Other Considerations,Contextualize vulnerability indicators  to capture historically disadvantaged groups,Mean,Income bracket; Grouped by neighborhoods whose demographics are shown later,No,None,,,,,,,,,,,,,,,,,,,
10.1029/2020EF001963,Not stated,Risk,"This is the same kind of measurement as before, but it tracks discretionary income changes",Neighborhood,Redwood Shores and East Palo Alto,Demographics,2017 Bureau of Labor Statistics estimates of national household expenses; 2013-2017 American Community Survey,Vulnerability,Other Considerations,Contextualize vulnerability indicators  to capture historically disadvantaged groups,Mean,Income bracket; Grouped by neighborhoods whose demographics are shown later,No,None,,,,,,,,,,,,,,,,,,,
10.1029/2020EF001963,Not stated,Risk,"This is the same kind of measurement as before, but it tracks discretionary income changes",Individuals,Across households with different incomes,Demographics,2017 Bureau of Labor Statistics estimates of national household expenses; 2013-2017 American Community Survey,Vulnerability,Other Considerations,Contextualize vulnerability indicators  to capture historically disadvantaged groups,Mean,Income bracket; Grouped by neighborhoods whose demographics are shown later,No,None,,,,,,,,,,,,,,,,,,,
10.1029/2020EF001963,Not stated,Vulnerability,Existing financial instability - homes with negative discretionary income based on average cost of living - appears to be based on ACS data with spatial representation at this level,Small Census Areas,Census block groups,Demographics,2017 Bureau of Labor Statistics estimates of national household expenses; 2013-2017 American Community Survey,Vulnerability,Other Considerations,Contextualize vulnerability indicators  to capture historically disadvantaged groups,Proportion,Negative discretionary income; Grouped by areas whose demographics are shown later,No,None,,,,,,,,,,,,,,,,,,,
10.1029/2020EF001963,Not stated,Risk,Future financial instability - homes with negative discretionary income based on average cost of living plus annual damages under RCP 8.5 - appears to be based on ACS data with spatial representation at this level,Small Census Areas,Census block groups,Demographics,2017 Bureau of Labor Statistics estimates of national household expenses; 2013-2017 American Community Survey,Vulnerability,Other Considerations,Contextualize vulnerability indicators  to capture historically disadvantaged groups,Proportion,Negative discretionary income; Grouped by areas whose demographics are shown later,No,None,,,,,,,,,,,,,,,,,,,
10.1029/2020EF001963,Not stated,Exposure,Flooded buildings,County,Several counties in San Francisco Bay Area,Demographics,2017 Bureau of Labor Statistics estimates of national household expenses; 2013-2017 American Community Survey,Vulnerability,Other Considerations,Contextualize vulnerability indicators  to capture historically disadvantaged groups,Aggregate,Median household income; median flooded block groups income versus county median income,No,None,,,,,,,,,,,,,,,,,,,
https://muse.jhu.edu/article/845316,Not stated,Exposure,"Runoff, physical/chemical pollutants and bacterial pollutant statistics now and under land use change are calculated and compared across groups",Zip Codes,Super-Neighborhoods,Demographics; Environmental Burden,2018 ACS; CDC health outcome data at census tract level,Vulnerability,Other Considerations,References to marginalized communities,Difference,Race; Income; Pollution,No,None,,,,,,,,,,,,,,,,,,,
10.1111/jfr3.12680,Not stated,Recovery,Self-reported recovery from a flood,Individuals,Households,Demographics,Survey,Support; Vulnerability; Impact from Flood,Other Considerations; Procedural,"Include variables that measure how individuals affected by floods felt about internal and external community support, which is meant to capture the process part of recovery, also includes vulnerability variables, variables reflecting psychological state, and variables about impact from the flood",Regression,"Probit regression; A wide range of flood impact, recovery process, socio-economic, and psychological variables are recorded. These are grouped roughly into ""Support"" (Internal and external community support, steps in recovery process) since the only explicit reference to a justice/fairness pillar is to process",No,None,,,,,,,,,,,,,,,,,,,
10.3390/su122310068,Not stated,Risk,They use social welfare function with equity weights to adjust expected annual damages weighted by risk premium multipliers,Small Census Areas,Census sectors - Ecuador canton of Duran,None,Survey,Equity weights with risk aversion and discounting,Distributive,Reference to social marginalization. Clear application of welfare approach to distributional fairness,Aggregate,Equity weighted social welfare function; Aggregate comparisons of welfare at census sector level,Yes,Invoking a Principle,,,,,,,,,,,,,,,,,,,
10.1016/j.ijdrr.2020.101731,Not stated,Exposure,They use presence in a FEMA 100-year return period or contintental models that map a 100-year return period extent,Individuals,Dasymetric mapping of census block group demographic statistics to building footprints,Demographics,NLUD 2010; OSM land use polygons; Microsoft building footprints; 5-year ACS estimates 2013-2017,Vulnerability,Other Considerations,There is no reference outside of social vulnerability,Proportion,Race; Ethnicity; Employment; Owner-occupied or renter-occupied (Tenure); Poverty,No,None,,,,,,,,,,,,,,,,,,,
10.1017/S1355770X19000275,Not stated,Benefits,"Calculate benefits from a proposed adaptation scenario and use equity weights. They aggregate to the Ward level and compare across scenarios w/ and w/o equity weights, and across policies, to illustrate welfare increases in certain types of populations from certain types of policies. But the aggregation is from the Individual level",Individuals,"Individuals in Wards in Ho Chi Minh City, Vietnam",None,HCMC Flood and Inundation Management Project,Equity weights with risk aversion and discounting,Distributive; Policy,They characterize traditional CBA as neglecting characteristics that disadvantage the poor (which they indicate with vulnerability). This welfare approach accounts for distributional fairness with equity weights,Aggregate,Equity weighted social welfare function; Aggregate comparisons of welfare for wards and across adaptation scenarios,Yes,Invoking a Principle,,,,,,,,,,,,,,,,,,,
10.1016/j.ancene.2019.100226,Not stated,Exposure,Dasymetric mapping of exposure in census block groups to FEMA flood zones 100-yr and 500yr. The dasymetric map gets aggregated up before the equity measure is conducted,Regions,Charlanta megaregion,Demographics,"NFHL, 2010 US Census, NLCD 2011",Vulnerability,Other Considerations,"Many references to marginalized groups, historical disadvntage, and the US federal definition of equity. They provide a clear map of what measurements indicate fairness or not",Regression,Fmsb risk ratio test in R; Race; Ethnicity; Poverty,No,None,,,,,,,,,,,,,,,,,,,
10.1016/j.ancene.2019.100226,Not stated,Exposure,Dasymetric mapping of exposure in census block groups to FEMA flood zones 100-yr and 500yr. The dasymetric map gets aggregated up before the equity measure is conducted,Regions,MSAs,Demographics,"NFHL, 2010 US Census, NLCD 2011",Vulnerability,Other Considerations,"Many references to marginalized groups, historical disadvntage, and the US federal definition of equity. They provide a clear map of what measurements indicate fairness or not",Regression,Fmsb risk ratio test in R; Race; Ethnicity; Poverty,No,None,,,,,,,,,,,,,,,,,,,
10.1016/j.ancene.2019.100226,Not stated,Exposure,Dasymetric mapping of exposure in census block groups to FEMA flood zones 100-yr and 500yr. The dasymetric map gets aggregated up before the equity measure is conducted,Large Areas,Counties,Demographics,"NFHL, 2010 US Census, NLCD 2011",Vulnerability,Other Considerations,"Many references to marginalized groups, historical disadvntage, and the US federal definition of equity. They provide a clear map of what measurements indicate fairness or not",Regression,Fmsb risk ratio test in R; Race; Ethnicity; Poverty,No,None,,,,,,,,,,,,,,,,,,,
10.1016/j.ancene.2019.100226,Not stated,Exposure,Dasymetric mapping of exposure in census block groups to FEMA flood zones 100-yr and 500yr. The dasymetric map gets aggregated up before the equity measure is conducted,Small Census Areas,Census tracts,Demographics,"NFHL, 2010 US Census, NLCD 2011",Vulnerability,Other Considerations,"Many references to marginalized groups, historical disadvntage, and the US federal definition of equity. They provide a clear map of what measurements indicate fairness or not",Regression,Fmsb risk ratio test in R; Race; Ethnicity; Poverty,No,None,,,,,,,,,,,,,,,,,,,
10.2105/AJPH.2018.304846,Not stated,Exposure,Area of census tract with non-zero flooding from Hurricane Harvey,Small Census Areas,Census block groups,Demographics,FEMA Harvey inundation footprint; 2012-2016 ACS,Vulnerability,Other Considerations,There are many references to disadvantaged groups,Regression,General estimating equation; Race; Ethnicity; Education; Poverty; Mobility; Unemployment,No,None,,,,,,,,,,,,,,,,,,,
10.1007/s10113-015-0814-1,Not stated,Benefits,Bath-tub hazard approach with stage damage curves. Differences in flood risk with and without adaptation,Individuals,They appear to model risk and benefits at the property level,None,Very little information on the data used is shared or reported,Majority,Distributive; Policy,Their definition of equitable is if the median BCR is greater than 1 so that most people benefit from an intervention. There is no information about the household other than their risk. Benefits are calculated for different exogenous adaptation strategies,Median,Median greater than 1,Yes,Ad Hoc Rationale,,,,,,,,,,,,,,,,,,,
10.1088/1748-9326/10/9/095010,Not stated,Exposure,FEMA 100-yr floodplain population exposure,Small Census Areas,Census tracts,Demographics,"2010 U.S. Census and 2007–2011 American Community Survey estimates, and 100-year flood risk zones from the Federal Emergency Management Agency (FEMA)",Vulnerability,Other Considerations,Many references to vulnerability,Regression,Logistic regression; Race; Ethnicity; Economic insecurity and instability,No,None,,,,,,,,,,,,,,,,,,,
10.1088/1748-9326/10/9/095010,Not stated,Exposure,FEMA 100-yr floodplain population exposure,Small Census Areas,Census tracts,Demographics,"2010 U.S. Census and 2007–2011 American Community Survey estimates, and 100-year flood risk zones from the Federal Emergency Management Agency (FEMA)",Vulnerability,Other Considerations,Many references to vulnerability,Correlation,Race; Ethnicity; Economic insecurity and instability,No,None,,,,,,,,,,,,,,,,,,,
10.3354/cr01308,Not stated,Risk,Damage costs now and into the future are transformed with a social welfare function using discounting and risk aversion.,Large Areas,"Odense, Denmark",None,,"Risk aversion and discounting, emphasis of discounting as an ethical parameter reflecting equity amount presnt generations",Distributive,Focused on baking-in equity in terms of risk aversion and discounting rather than other considerations,Aggregate,Discounted utilitarian,Yes,Invoking a Principle,,,,,,,,,,,,,,,,,,,
10.1007/s10584-022-03395-y,Utilitarian,Benefits,Farmer profits at district level from their integrated impact assessment model,Large Areas,Districts in Vietnam provinces of Mekong delta - An Giang and Dong Thap,None,,Moral principle informed aggregation,Distributive; Policy,"Operationalize fairness through aggregation functions that represent what the motivating moral principles say about fairness. Optimal values are defined within each ethical framework, not across them. All benefits are calculated based on exogenous, hypothetical adaptation strategies. The reason this utilitarian framework is distinct from something in Kind et al., (2020) is that the authors roughly make the claim here that more overall utility is one conception of fairness. That distributive framing is missing in most social welfare function literature. ",Aggregate,,Yes,Invoking a Principle,,,,,,,,,,,,,,,,,,,
10.1007/s10584-022-03395-y,Egalitarian,Benefits,Farmer profits at district level from their integrated impact assessment model,Large Areas,Districts in Vietnam provinces of Mekong delta - An Giang and Dong Thap,None,,Moral principle informed aggregation,Distributive; Policy,"Operationalize fairness through aggregation functions that represent what the motivating moral principles say about fairness. Optimal values are defined within each ethical framework, not across them. All benefits are calculated based on exogenous, hypothetical adaptation strategies",Aggregate,,Yes,Invoking a Principle,,,,,,,,,,,,,,,,,,,
10.1007/s10584-022-03395-y,Rawlsian,Benefits,Farmer profits at district level from their integrated impact assessment model,Large Areas,Districts in Vietnam provinces of Mekong delta - An Giang and Dong Thap,None,,Moral principle informed aggregation,Distributive; Policy,"Operationalize fairness through aggregation functions that represent what the motivating moral principles say about fairness. Optimal values are defined within each ethical framework, not across them. All benefits are calculated based on exogenous, hypothetical adaptation strategies",Aggregate,,Yes,Invoking a Principle,,,,,,,,,,,,,,,,,,,
10.1007/s10584-022-03395-y,Prioritarian,Benefits,Farmer profits at district level from their integrated impact assessment model,Large Areas,Districts in Vietnam provinces of Mekong delta - An Giang and Dong Thap,None,,Moral principle informed aggregation,Distributive; Policy,"Operationalize fairness through aggregation functions that represent what the motivating moral principles say about fairness. Optimal values are defined within each ethical framework, not across them. All benefits are calculated based on exogenous, hypothetical adaptation strategies",Aggregate,,Yes,Invoking a Principle,,,,,,,,,,,,,,,,,,,
10.1007/s10584-022-03395-y,Sufficientarian,Benefits,Farmer profits at district level from their integrated impact assessment model,Large Areas,Districts in Vietnam provinces of Mekong delta - An Giang and Dong Thap,None,,Moral principle informed aggregation,Distributive; Policy,"Operationalize fairness through aggregation functions that represent what the motivating moral principles say about fairness. Optimal values are defined within each ethical framework, not across them. All benefits are calculated based on exogenous, hypothetical adaptation strategies",Aggregate,,Yes,Invoking a Principle,,,,,,,,,,,,,,,,,,,
10.1007/s10584-022-03395-y,Envy-free,Benefits,Farmer profits at district level from their integrated impact assessment model,Large Areas,Districts in Vietnam provinces of Mekong delta - An Giang and Dong Thap,None,,Moral principle informed aggregation,Distributive; Policy,"Operationalize fairness through aggregation functions that represent what the motivating moral principles say about fairness. Optimal values are defined within each ethical framework, not across them. All benefits are calculated based on exogenous, hypothetical adaptation strategies",Aggregate,,Yes,Invoking a Principle,,,,,,,,,,,,,,,,,,,
10.1007/s10584-022-03395-y,Composite,Benefits,Farmer profits at district level from their integrated impact assessment model,Large Areas,Districts in Vietnam provinces of Mekong delta - An Giang and Dong Thap,None,,Moral principle informed aggregation,Distributive; Policy,"Operationalize fairness through aggregation functions that represent what the motivating moral principles say about fairness. Optimal values are defined within each ethical framework, not across them. All benefits are calculated based on exogenous, hypothetical adaptation strategies",Aggregate,,Yes,Invoking a Principle,,,,,,,,,,,,,,,,,,,
10.1016/j.envres.2022.112982,Not stated,Exposure,Residential properties exposed to modeled flood hazard zones for 100-yr flood (not people); Also whether a census tract intersects the 100-yr extent at all,Small Census Areas,Census tracts across Canada,Demographics,JBA Risk flood map and 2016 census,Vulnerability,Other Considerations,Many references to vulnerability and disadvantage,Correlation,Race; Ethnicity; Income; Education; Gender; Age; Disability; Isolation,No,None,,,,,,,,,,,,,,,,,,,
10.1016/j.envres.2022.112982,Not stated,Exposure,Residential properties exposed to modeled flood hazard zones for 100-yr flood (not people); Also whether a census tract intersects the 100-yr extent at all,Small Census Areas,Census tracts across Canada,Demographics,JBA Risk flood map and 2016 census,Vulnerability,Other Considerations,Many references to vulnerability and disadvantage,Regression,GWR; SAR; OLS; Logistic regression; Race; Ethnicity; Income; Education; Gender; Age; Disability; Isolation,No,None,,,,,,,,,,,,,,,,,,,
10.1017/bca.2020.32,Not stated,Benefits,Calculate benefits from a proposed adaptation scenario and use equity weights. They get data to assign equity weights from the District level but the aggregation is from the Individual level,Individuals,"Districts in Bilbao, Spain",None,,Equity weights with and without risk aversion,Distributive; Policy,"Social welfare (w/ and w/o equity weights and/or risk aversion) tells us ""how good"" the overall distribution is, not how fair it is. Fairness may be one component of how good but they are not clear on if/whether this framework acommodates that interpretation",Aggregate,Equity weighted social welfare function,Yes,Invoking a Principle,,,,,,,,,,,,,,,,,,,
10.3390/w12113152,Rawlsian,Exposure,"Damage claims filed after a rainfall event in Sweden, conditioned on type of sewer system (combined or separate)",Individuals,Households that filed claims,Procedural Disparities,Flood damage claim data were collected from the municipal water and wastewater utility in Malmö,Adaptation Instruments,Distributive; Procedural,"They say ""by equity we mean all citizens should be treated equally and have equal opportunity to have their flood risk managed.""They cite Rawls, they are looking at procedural aspects to explain why the distribution of outcomes may be uneven. They cite Johnson et al 2007 to support their definition. ",Proportion,Combined or separate sewage system connection for home,Yes,Invoking a Principle,,,,,,,,,,,,,,,,,,,
10.3390/w12113152,Rawlsian,Recovery,"Damage claims approved after a rainfall event in Sweden, conditioned on type of sewer system (combined or separate)",Individuals,Households whose claims were approved,Procedural Disparities,Flood damage claim data were collected from the municipal water and wastewater utility in Malmö,Adaptation Instruments,Distributive; Procedural,"They say ""by equity we mean all citizens should be treated equally and have equal opportunity to have their flood risk managed.""They cite Rawls, they are looking at procedural aspects to explain why the distribution of outcomes may be uneven. They cite Johnson et al 2007 to support their definition. ",Chi-squared,Combined or separate sewage system connection for home,Yes,Invoking a Principle,,,,,,,,,,,,,,,,,,,
10.1007/s10113-020-01681-y,Not stated,Vulnerability,"A range of outcomes conceived as benefits ex-post adaptation. Poverty, income inequality, number of people flooded, vulnerability to migration, and agriculture value. The only one that is a similar concept to equity is income inequality",Individuals,"The model runs at a 'Union' level, but the income inequality is calculated based on simulated household income and expenditures",Demographics,,Level of inequality,Distributive; Policy,"They use an equity frame for the paper but only discuss inequality, which is taken as an implicit fairness link. They assess how income inequality changes over time due to different policies and SLR scenarios, so the grounding is in assumptions about fair distributions as a result of policy",Gini coefficient; Difference,They measure income inequality relative to benchmark income inequality after adaptation scenarios,Yes,None,,,,,,,,,,,,,,,,,,,
10.1111/risa.13527,Not stated,Risk,Flood risk ex-post adaptation compared across regions,Regions,"""macroareas"" of interest in NL and GER",None,,Level of inequality,Distributive; Policy,"They map high equity to low gini (and vice versa) but don't say why the gini indicates this. Earlier they talk about fairness embodied in the problem formulations, then introduce the gini without linking it to why it indicates fairness under the different moral frameworks",Gini coefficient,,Yes,None,,,,,,,,,,,,,,,,,,,
10.1111/risa.13527,Not stated,Benefits,Flood risk reduction from adaptation compared across regions,Regions,"""macroareas"" of interest in NL and GER",None,,Level of inequality,Distributive; Policy,"They map high equity to low gini (and vice versa) but don't say why the gini indicates this. Earlier they talk about fairness embodied in the problem formulations, then introduce the gini without linking it to why it indicates fairness under the different moral frameworks",Gini coefficient,,Yes,None,,,,,,,,,,,,,,,,,,,
10.1111/risa.13527,Not stated,Benefits,Benefits from adaptation,Individuals,"Land cover CORINE dataset is at relatively high resolution, near household",None,,Aggregation,Distributive; Policy,Straightforward and explicit application of concepts in distributive justice. Policy application is clearly exogenous,Aggregate,BCA calculation,Yes,Invoking a Principle,,,,,,,,,,,,,,,,,,,
10.1111/risa.13527,Not stated,Benefits,Benefits from adaptation,Individuals,"Land cover CORINE dataset is at relatively high resolution, near household",None,,Aggregation,Distributive; Policy,Straightforward and explicit application of concepts in distributive justice. Policy application is clearly exogenous,Aggregate,Constrained BCA,Yes,Invoking a Principle,,,,,,,,,,,,,,,,,,,
10.1111/risa.13527,Egalitarian,Benefits,Benefits from adaptation,Individuals,"Land cover CORINE dataset is at relatively high resolution, near household",None,,Moral principle informed aggregation,Distributive; Policy,Straightforward and explicit application of concepts in distributive justice. Policy application is clearly exogenous,Aggregate,BCA with egalitarian constraints,Yes,Invoking a Principle,,,,,,,,,,,,,,,,,,,
10.1111/risa.13527,Prioritarian,Benefits,Benefits from adaptation,Individuals,"Land cover CORINE dataset is at relatively high resolution, near household",None,,Moral principle informed aggregation,Distributive; Policy,Straightforward and explicit application of concepts in distributive justice. Policy application is clearly exogenous,Aggregate,BCA with prioritarian constraints,Yes,Invoking a Principle,,,,,,,,,,,,,,,,,,,
10.1002/pan3.10086,Not stated,Vulnerability,Food insecurity index during high water seasons due to forest floods,Individuals,Households,Demographics,Survey,Exposure; Vulnerability,Other Considerations,The focus is on whether wealth serves as a mitigator for food insecurity following high water season,Regression,Zero-inflated GLMMs for food insecurity scale stratified by low/high water season and as a function of a wealth proxy,No,None,,,,,,,,,,,,,,,,,,,
10.1016/j.gloenvcha.2020.102050,Not stated,Benefits,NPV of avoided damages from wetlands restoration,Individuals,Single-family homes and mobile homes,None,property tax records; NLCD 2011,Social welfare function with equity weights,Distributive; Policy,Focus on spatial allocation of wetlands restoration scenarios (the exogenous policy) and the distribution of benefits accrused with equity weights (distributive),Aggregate,Equity weighted social welfare function,Yes,Invoking a Principle,,,,,,,,,,,,,,,,,,,
10.1016/j.gloenvcha.2020.102050,Not stated,Benefits,NPV of avoided damages from wetlands restoration,Individuals,Single-family homes and mobile homes,Demographics,property tax records; NLCD 2011,Exposure,Distributive; Policy,Examine the equity weighted benefits (distributive) from the policy as a function of property value (reference social vulnerability here),Aggregate differences,Equity weighted social welfare function as function of property value,Yes,Invoking a Principle,,,,,,,,,,,,,,,,,,,
10.3389/fpubh.2019.00367,Not stated,Recovery,Mental health impact ex-post flooding.,Individuals,Households,Demographics,Survey,Vulnerability; Exposure,Other Considerations,"Vulnerability is the main frame for mental health outcomes. There is some mention of capacity, but not in the context of the measurement. The mental health impact is also estimated for exposure indicators",Regression,Logistic regression; Aboriginal population; On income support,No,None,,,,,,,,,,,,,,,,,,,
10.1016/j.envres.2019.108772,Not stated,Exposure,"For different properties, flood hazard extent and depth from Harvey - areal based calculation ",Individuals,Households,Demographics,Survey; FEMA inundation footprint,Vulnerability; Exposure ,Other Considerations,"They estimate area of inundation based on demographic indicators that proxy vulnerability as well as indicators for flood defense, insurance, and ""pre"" risk (i.e. 100 or 500 yr flood zone presence). References to vulnerability, disadvantage, inequality",Regression,General estimating equation; Socioeconomic status; Race; Ethnicity; Education; Renter; Owner-occupied,No,None,,,,,,,,,,,,,,,,,,,
10.1007/s10479-018-3089-3,Not stated,Recovery,"Absolute deprivation costs, or the economic cost of human suffering when lacking emergency relief services from flooding impacts. They end up measuring min abs. deprivation cost and relative depreivation costs. Equity is baked into the aggregation",Individuals,Households,None,,Minimum,Distributive,"They define equity as a balance in access to relief (minimizing human suffering, basically). They don't reference vulnerability or socioeconomics or other barriers that would indicate a contextual frame for fairness. It's more focused on the overall distribution (in aggregation) of how they represent ""suffering"". They don't say why it's equitable",Distance,Minimum and relative absolute deviation cost,Yes,None,,,,,,,,,,,,,,,,,,,
10.1080/17477891.2019.1675578,Not stated,Recovery,"Housing assistance and other needs assistance from IA, loans from SBA, insurance payouts from NFIP and funding from CDBG-DR",Small Census Areas,Census tract aggregation of household level data,Demographics,"IA, NFIP, SBA, CDBG-DR, ACS",Vulnerability; Losses,Other Considerations,Regressors are called social vulnerability indicators. Control for losses,Regression,SAR; OLS; Renters; Income; Race; Lanauge; Mobile homes; Age; Employment,No,None,,,,,,,,,,,,,,,,,,,
10.1111/risa.12853,Not stated,Vulnerability,"Median income, poverty rate, top earners and gini coefficient for income at census tract",Small Census Areas,"Income variables are derived from US Census data at tract level, and this is the level comparisons are mdae at",None,"Geolytics, Inc, SHELDUS, DOT Flood Risk from 1996, FEMA FIRMs","Policy; Exposure (population density, housing value, renters, etc); Damage; Vulnerability",Other Considerations; Policy,"They see examine how CRS participation affects distribution of income in census tracts. They control for losses and exposure, and they control for what others call vulnerability indicators but they don't use that framing. They address concerns about simultaneity bias, so the treatment is potentially exogenous. They don't examine some of the procedural reasons that participation in tracts with high poverty rates is low (capacity, barriers to application, having the requirements in place to be eligible to submit a CRS application is costly and requires expertise) and it's not clear if the comparison across CRS vs. not tracts is all-else-equal",Regression,"Participation in CRS, Participation in CRS x Flood risk, Participation in CRS and Area of Tract in SFHA",No,None,,,,,,,,,,,,,,,,,,,
10.1007/s11069-015-2060-8,Rawlsian,Adaptation Funding,Average buyout cost per census block normalized by median income,Small Census Areas,Census block groups - they aggregated their buyout cost to this level in order to look at the relationship as a function of social vulnerability,Demographics,"Cedar Rapids Assessors Office, ACS","Vulnerability, Motivated by perception of policy mondate (which they also characterize in terms of a moral principle)",Distributive; Policy,"They clearly interpret their vulnerability index as an indicator for ""worse off"" and put this in a Rawlsian justice frame where more allocation towards ""worse off"" indicates more fairness. This is framed by their interpretation of policy rules for allocating funding for buyouts and their goal of seeing whether those intentions are met",Correlation,Social vulnerability index specifically designed for flooding,Yes,Interpreting a Policy Mandate,,,,,,,,,,,,,,,,,,,
10.1061/(ASCE)NH.1527-6996.0000140,Not stated,Exposure,"Whether census tract intersects with VE, AE or other flood zones. They only call VE zones coastal",Small Census Areas,Census tracts,Demographics,"FEMA NFHL, ACS 2006-2010",Vulnerability,Other Considerations,Vulnerability and disadvantage are frames for regressors,Mean differences,Race; Ethnicity; Income; Housing tenure,No,None,,,,,,,,,,,,,,,,,,,
10.1061/(ASCE)NH.1527-6996.0000140,Not stated,Exposure,"Whether census tract intersects with VE, AE or other flood zones. They only call VE zones coastal",Small Census Areas,Census tracts,Demographics,"FEMA NFHL, ACS 2006-2010",Vulnerability,Other Considerations,Vulnerability and disadvantage are frames for regressors,Regression,Logistic regression; Race; Ethnicity; Income; Housing tenure,No,None,,,,,,,,,,,,,,,,,,,
10.1016/j.apgeog.2011.05.013,Not stated,Exposure,Hazard density index based off flood zones,Small Census Areas,Census block groups (in US and Mexico),Demographics,,Vulnerability,Other Considerations,Vulnerability is predominant frame for regressors,Regression,Spatial regression; Age; Gender; Education,No,None,,,,,,,,,,,,,,,,,,,
10.1016/j.apgeog.2011.05.013,Not stated,Exposure,Hazard density index based off flood zones,Small Census Areas,Census block groups (in US and Mexico),Demographics,,Vulnerability,Other Considerations,Vulnerability is predominant frame for regressors,Correlation,Bivariate Correlations; Age; Gender; Education,No,None,,,,,,,,,,,,,,,,,,,
10.1080/24694452.2022.2085656,Not stated,Exposure,"Use dasymetric mapping to identify the population in Bates et al. (2021) 100-yr RP but outside of FEMA's 100 yr RP for Houston, TX. Aggregate back to census tract for comparisons across groups",Small Census Areas,Census tracts,Demographics; Environmental Burden,"NFHL, Bates (2021), ACS 2015-2019",Vulnerability,Other Considerations,Vulnerability and disadvantage are frames for regressors,Regression,"GEE; Ethnicity; Race: Income; Impervious surfaces; Tree canopy; Petroleum facilities; Housing tenure; Community type (i.e. rural, suburban)",No,None,,,,,,,,,,,,,,,,,,,
10.1007/s12061-022-09459-x,Not stated,Exposure,Population exposured to waterlogging from intense rainfall,Small Census Areas,"Census Radio in Sante Fe City, Argentina",Demographics,City sources; Waterlogging zones from municipality,Vulnerability; Relative ratios are mapped to different fairness implications,Distributive,"Vulnerability is predominant frame. They make it clear how their measure indicates fairness. LIQ < 1, = 1 or > 1 are taken to have different interpretations for fairness but not why",Proportion,Age; Education; Housing quality; Poverty,Yes,None,,,,,,,,,,,,,,,,,,,
10.1016/j.landurbplan.2022.104369,Not stated,Exposure,"Susceptibility to flooding in categories of low, medium and high",Large Areas,"Boroughs; Municipalities These are all above the tract level according to the authors, they don't give geographic areas/sizes",Demographics,Brazil census,Vulnerability,Other Considerations,Vulnerability is predominant frame.,Correlation,Income; Race,No,None,,,,,,,,,,,,,,,,,,,
10.1016/j.landurbplan.2022.104369,Not stated,Exposure,"Susceptibility to flooding in categories of low, medium and high",Large Areas,"Boroughs; Municipalities These are all above the tract level according to the authors, they don't give geographic areas/sizes",Demographics,Brazil census,Vulnerability,Other Considerations,Vulnerability is predominant frame.,K-means,Income; Race,No,None,,,,,,,,,,,,,,,,,,,
10.1016/j.landurbplan.2022.104369,Not stated,Exposure,"Susceptibility to flooding in categories of low, medium and high",Regions,Metropolitan Area,Demographics,Brazil census,Vulnerability,Other Considerations,Vulnerability is predominant frame.,Correlation,Income; Race,No,None,,,,,,,,,,,,,,,,,,,
10.1016/j.landurbplan.2022.104369,Not stated,Exposure,"Susceptibility to flooding in categories of low, medium and high",Regions,Metropolitan Area,Demographics,Brazil census,Vulnerability,Other Considerations,Vulnerability is predominant frame.,K-means,Income; Race,No,None,,,,,,,,,,,,,,,,,,,
10.1038/s41558-021-01265-6,Not stated,Risk,Relative AAL,Small Census Areas,Census tracts,Demographics,ACS 2019,Exposure,Other Considerations,"The authors don't use vulnerability, disadvantage, or other concepts to characterize the groupings made so the degmorahpic groups are considered as exposure",Mean,Income; Race,No,None,,,,,,,,,,,,,,,,,,,
10.1016/j.envsoft.2021.105177,Not stated,Benefits,"Farm profitability over time due to anthropogenic forces, climate change and adaptation",Large Areas,Districts in Vietnam provinces of Mekong delta,None,,Spatial inequality,Distributive; Policy,"The authors clearly map inequality of relative farm profitability based on clustering of outcomes in districts for specific decision levers, with ""better off"" and ""worse off"" implications. But they do not make any explicit claims as to this indicating fairness or equity. ",Proportion,Inequality pattern is determined based on relative farm profitability in districts not being equal,No,None,,,,,,,,,,,,,,,,,,,
10.1007/s11069-021-04961-w,Not stated,Recovery,Number of homes affected by 2010 Nashville flood,Small Census Areas,"""Census tracks"" seem to be census tracts and are interpreted this way",Demographics,Nasvhille; ACS,Vulnerability,Other Considerations,"Vulnerability is predominant frame, special attention to historical marginalization. Authors mention capabilities, but only once",Spatial,Race; Ethnicity; Income; Housing tenure; Disability,No,None,,,,,,,,,,,,,,,,,,,
10.1007/s11069-021-04961-w,Not stated,Recovery,Number of homes affected by 2010 Nashville flood,Small Census Areas,"""Census tracks"" seem to be census tracts and are interpreted this way",Procedural Disparities,Nasvhille; ACS,Policy,Other Considerations; Policy,"Vulnerability is predominant frame, special attention to historical marginalization. Authors mention capabilities, but only once. In this framework, they consider redlining",Spatial,Historical redlining,No,None,,,,,,,,,,,,,,,,,,,
10.1016/j.apgeog.2021.102492,Not stated,Exposure,Population intersected with 100-yr RP from Fathom,Small Census Areas,Census tract,Demographics,Fathom; ACS; Parcel database,Vulnerability,Other Considerations,Extensive focus on vulnerability,Proportion,Race; Ethnicity,No,None,,,,,,,,,,,,,,,,,,,
10.1016/j.apgeog.2021.102492,Not stated,Exposure,Parcel owners last names are used to identify probabilities of having a certain race or ethnicity,Individuals,Demographic data at parcel level is used in county-specific models of flood exposure representativeness relative to total population,Demographics,Fathom; ACS; Parcel database,Vulnerability,Other Considerations,Extensive focus on vulnerability,Regression,Logistic Regression; Population in floodplain; Demographics,No,None,,,,,,,,,,,,,,,,,,,
10.1016/j.apgeog.2021.102492,Not stated,Exposure,100-yr RP from Fathom transformed into a flood vulnerability quotient with some demographic data at tract level,Small Census Areas,Census tract,Demographics,Fathom; ACS; Parcel database,Vulnerability,Other Considerations,Extensive focus on vulnerability,Regression,Quantile Regression; Race; Ethnicity,No,None,,,,,,,,,,,,,,,,,,,
10.1089/env.2021.0034,Not stated,Benefits,"Adaptation Instruments - GI/No GI, Ponds/No Ponds, Buyouts/No Buyouts",Small Census Areas,Census block group,Demographics,ACS; Austin TX data,Vulnerability,Other Considerations,Extensive focus on vulnerability,T-test,"Income, Age, Vehicle, Race, Ethnicity, Disability",No,None,,,,,,,,,,,,,,,,,,,
10.1089/env.2021.0034,Not stated,Exposure,Population in 100-yr and 500-yr fema flood zones,Small Census Areas,Census block group,Demographics,ACS; Austin TX data,Vulnerability,Other Considerations,Extensive focus on vulnerability,Regression,SAR; Income; Race; Ethnicity; Vehicle access; Disability,No,None,,,,,,,,,,,,,,,,,,,
10.1089/env.2021.0034,Not stated,Benefits,"Adaptation Instruments - GI/No GI, Ponds/No Ponds, Buyouts/No Buyouts",Small Census Areas,Census block group,Demographics,ACS; Austin TX data,Vulnerability,Other Considerations,Extensive focus on vulnerability,Regression,SAR; Income; Race; Ethnicity; Vehicle access; Disability,No,None,,,,,,,,,,,,,,,,,,,
10.1126/sciadv.aax8995,Not stated,Exposure,Compare probability densities of counties based on income and population density stratified on whether or not buyouts have occurred,Large Areas,County,Demographics,"ACS, HMGP data",Policy,Other Considerations; Policy,"Hypotheses connect prevalence of buyouts with presence of vulnerable populations, but don't indicate whether that would indicate fairness or not",T-test,Compare densities and means for counties where buyouts have occurred vs. not occurred for county income and county density relative to state,No,None,,,,,,,,,,,,,,,,,,,
10.1126/sciadv.aax8995,Not stated,Exposure,Compare probability densities of zcta based on income and population density stratified on whether or not buyouts have occurred,Zip Codes,ZCTA,Demographics,"ACS, HMGP data",Policy,Other Considerations; Policy,"Hypotheses connect prevalence of buyouts with presence of vulnerable populations, but don't indicate whether that would indicate fairness or not",T-test,Compare densities and means for counties where buyouts have occurred vs. not occurred for county income and county density relative to state,No,None,,,,,,,,,,,,,,,,,,,
10.1007/s11111-019-00324-7,Not stated,Benefits,The degree of racial differences in resettlement patterns from buyouts,Individuals,Homeowners that receive buyouts,Demographics,,Policy; Race,Policy; Recognition,"This seems like recognition because they are looking at outcomes on resettlement based on presumed racialized preferences for residential choice after buyouts. They don't do a counterfactual for how resettlement after buyouts contrasts to general resettlement outside the context of buyouts. They argue that it's the fact normal market forces are working within the ""technocractic"" context of buyouts that raises equity implications, but what those are isn't clear (meaning, what would be more fair and how does the measurement correspond to that) so not assigning distributive",Regression,Logistic regression; Race,No,None,,,,,,,,,,,,,,,,,,,
10.1007/s11069-020-04470-2,Not stated,Exposure,"Hot spots of social vulnerability and flood hazard exposure, exposure is the first part of the cluster (i.e. high exposure, high vulnerability) ",Small Census Areas,Census tract,Demographics,"ACS, Fathom, NLCD",Vulnerability,Other Considerations,Extensive focus on vulnerability,Spatial,Local Indicators of Spatial Association,No,None,,,,,,,,,,,,,,,,,,,
10.1007/s11069-020-04470-2,Not stated,Exposure,"Hot spots of social vulnerability and flood hazard exposure, exposure is the first part of the cluster (i.e. high exposure, high vulnerability) ",Small Census Areas,Census tract,Demographics,"ACS, Fathom, NLCD",Vulnerability,Other Considerations,Extensive focus on vulnerability,Mean differences,Across different hazard/vulnerability clusters they compare ACS variables to all other clusters,No,None,,,,,,,,,,,,,,,,,,,
10.1093/socpro/spab059,Not stated,Benefits,Distance resettled after buyout,Individuals,Households,Demographics,Custom database of buyouts; ACS,Exposure and adaptation cost as a means at getting at recognition considerations,Distributive; Recognition; Policy,"The key fairness frame they provide is ""place-based inequities mean that the federal government’s seemingly fair and rational policy of managed retreat can end up playing out quite differently when equally applied to different types of flood-prone neighborhoods"" They provide typologies of retreat & relocation based on ""social values of homes"", which calls to the intrinsic value of communities. This seems like it fits best in a recognition lens. They show typologies of buyout programs, with collective retreat being the type that best maintains community attachments and social value of home. This is a typology their measurement suggests is available to the most privileged (white & wealthier), indicating neighborhood inequities in the resettlement they evaluated",Regression,OLS; % white; Buyout cost,Yes,Invoking a Principle,,,,,,,,,,,,,,,,,,,
10.5194/nhess-22-1699-2022,Not stated,Benefits,"Distance to, and people served by, large disaster reduction greenspaces. These are conceived of as benefits",Individuals,"Downscaled population grid at 100m in Quito, Ecuador",Demographics,Disaggregated census population data uniformly onto 100m resolution,Vulnerability,Other Considerations,Socio-economic classifications into 5 groups to represent vulnerability,Aggregate,Boxplolts by demographic stratification,No,None,,,,,,,,,,,,,,,,,,,
,,,,,,,,,,,,,,,,,,,,,,,,,,,,,,,,,
,,,,,,,,,,,,,,,,,,,,,,,,,,,,,,,,,
,,,,,,,,,,,,,,,,,,,,,,,,,,,,,,,,,
,,,,,,,,,,,,,,,,,,,,,,,,,,,,,,,,,
,,,,,,,,,,,,,,,,,,,,,,,,,,,,,,,,,
,,,,,,,,,,,,,,,,,,,,,,,,,,,,,,,,,
,,,,,,,,,,,,,,,,,,,,,,,,,,,,,,,,,
,,,,,,,,,,,,,,,,,,,,,,,,,,,,,,,,,
,,,,,,,,,,,,,,,,,,,,,,,,,,,,,,,,,
,,,,,,,,,,,,,,,,,,,,,,,,,,,,,,,,,
,,,,,,,,,,,,,,,,,,,,,,,,,,,,,,,,,
,,,,,,,,,,,,,,,,,,,,,,,,,,,,,,,,,
,,,,,,,,,,,,,,,,,,,,,,,,,,,,,,,,,
,,,,,,,,,,,,,,,,,,,,,,,,,,,,,,,,,
,,,,,,,,,,,,,,,,,,,,,,,,,,,,,,,,,
,,,,,,,,,,,,,,,,,,,,,,,,,,,,,,,,,
,,,,,,,,,,,,,,,,,,,,,,,,,,,,,,,,,
,,,,,,,,,,,,,,,,,,,,,,,,,,,,,,,,,
,,,,,,,,,,,,,,,,,,,,,,,,,,,,,,,,,
,,,,,,,,,,,,,,,,,,,,,,,,,,,,,,,,,
,,,,,,,,,,,,,,,,,,,,,,,,,,,,,,,,,
,,,,,,,,,,,,,,,,,,,,,,,,,,,,,,,,,
,,,,,,,,,,,,,,,,,,,,,,,,,,,,,,,,,
,,,,,,,,,,,,,,,,,,,,,,,,,,,,,,,,,
,,,,,,,,,,,,,,,,,,,,,,,,,,,,,,,,,
,,,,,,,,,,,,,,,,,,,,,,,,,,,,,,,,,
,,,,,,,,,,,,,,,,,,,,,,,,,,,,,,,,,
,,,,,,,,,,,,,,,,,,,,,,,,,,,,,,,,,
,,,,,,,,,,,,,,,,,,,,,,,,,,,,,,,,,
,,,,,,,,,,,,,,,,,,,,,,,,,,,,,,,,,
,,,,,,,,,,,,,,,,,,,,,,,,,,,,,,,,,
,,,,,,,,,,,,,,,,,,,,,,,,,,,,,,,,,
,,,,,,,,,,,,,,,,,,,,,,,,,,,,,,,,,
,,,,,,,,,,,,,,,,,,,,,,,,,,,,,,,,,
,,,,,,,,,,,,,,,,,,,,,,,,,,,,,,,,,
,,,,,,,,,,,,,,,,,,,,,,,,,,,,,,,,,
,,,,,,,,,,,,,,,,,,,,,,,,,,,,,,,,,
,,,,,,,,,,,,,,,,,,,,,,,,,,,,,,,,,
,,,,,,,,,,,,,,,,,,,,,,,,,,,,,,,,,
,,,,,,,,,,,,,,,,,,,,,,,,,,,,,,,,,
,,,,,,,,,,,,,,,,,,,,,,,,,,,,,,,,,
,,,,,,,,,,,,,,,,,,,,,,,,,,,,,,,,,
,,,,,,,,,,,,,,,,,,,,,,,,,,,,,,,,,
,,,,,,,,,,,,,,,,,,,,,,,,,,,,,,,,,
,,,,,,,,,,,,,,,,,,,,,,,,,,,,,,,,,
,,,,,,,,,,,,,,,,,,,,,,,,,,,,,,,,,
,,,,,,,,,,,,,,,,,,,,,,,,,,,,,,,,,
,,,,,,,,,,,,,,,,,,,,,,,,,,,,,,,,,
,,,,,,,,,,,,,,,,,,,,,,,,,,,,,,,,,
,,,,,,,,,,,,,,,,,,,,,,,,,,,,,,,,,
,,,,,,,,,,,,,,,,,,,,,,,,,,,,,,,,,
,,,,,,,,,,,,,,,,,,,,,,,,,,,,,,,,,
,,,,,,,,,,,,,,,,,,,,,,,,,,,,,,,,,
,,,,,,,,,,,,,,,,,,,,,,,,,,,,,,,,,
,,,,,,,,,,,,,,,,,,,,,,,,,,,,,,,,,
,,,,,,,,,,,,,,,,,,,,,,,,,,,,,,,,,
,,,,,,,,,,,,,,,,,,,,,,,,,,,,,,,,,
,,,,,,,,,,,,,,,,,,,,,,,,,,,,,,,,,
,,,,,,,,,,,,,,,,,,,,,,,,,,,,,,,,,
,,,,,,,,,,,,,,,,,,,,,,,,,,,,,,,,,
,,,,,,,,,,,,,,,,,,,,,,,,,,,,,,,,,
,,,,,,,,,,,,,,,,,,,,,,,,,,,,,,,,,
,,,,,,,,,,,,,,,,,,,,,,,,,,,,,,,,,
,,,,,,,,,,,,,,,,,,,,,,,,,,,,,,,,,
,,,,,,,,,,,,,,,,,,,,,,,,,,,,,,,,,
,,,,,,,,,,,,,,,,,,,,,,,,,,,,,,,,,
,,,,,,,,,,,,,,,,,,,,,,,,,,,,,,,,,
,,,,,,,,,,,,,,,,,,,,,,,,,,,,,,,,,
,,,,,,,,,,,,,,,,,,,,,,,,,,,,,,,,,
,,,,,,,,,,,,,,,,,,,,,,,,,,,,,,,,,
,,,,,,,,,,,,,,,,,,,,,,,,,,,,,,,,,
,,,,,,,,,,,,,,,,,,,,,,,,,,,,,,,,,
,,,,,,,,,,,,,,,,,,,,,,,,,,,,,,,,,
,,,,,,,,,,,,,,,,,,,,,,,,,,,,,,,,,
,,,,,,,,,,,,,,,,,,,,,,,,,,,,,,,,,
,,,,,,,,,,,,,,,,,,,,,,,,,,,,,,,,,
,,,,,,,,,,,,,,,,,,,,,,,,,,,,,,,,,
,,,,,,,,,,,,,,,,,,,,,,,,,,,,,,,,,
,,,,,,,,,,,,,,,,,,,,,,,,,,,,,,,,,
,,,,,,,,,,,,,,,,,,,,,,,,,,,,,,,,,
,,,,,,,,,,,,,,,,,,,,,,,,,,,,,,,,,
,,,,,,,,,,,,,,,,,,,,,,,,,,,,,,,,,
,,,,,,,,,,,,,,,,,,,,,,,,,,,,,,,,,
,,,,,,,,,,,,,,,,,,,,,,,,,,,,,,,,,
,,,,,,,,,,,,,,,,,,,,,,,,,,,,,,,,,
,,,,,,,,,,,,,,,,,,,,,,,,,,,,,,,,,
,,,,,,,,,,,,,,,,,,,,,,,,,,,,,,,,,
,,,,,,,,,,,,,,,,,,,,,,,,,,,,,,,,,
,,,,,,,,,,,,,,,,,,,,,,,,,,,,,,,,,
,,,,,,,,,,,,,,,,,,,,,,,,,,,,,,,,,
,,,,,,,,,,,,,,,,,,,,,,,,,,,,,,,,,
,,,,,,,,,,,,,,,,,,,,,,,,,,,,,,,,,
,,,,,,,,,,,,,,,,,,,,,,,,,,,,,,,,,
,,,,,,,,,,,,,,,,,,,,,,,,,,,,,,,,,
,,,,,,,,,,,,,,,,,,,,,,,,,,,,,,,,,
,,,,,,,,,,,,,,,,,,,,,,,,,,,,,,,,,
,,,,,,,,,,,,,,,,,,,,,,,,,,,,,,,,,
,,,,,,,,,,,,,,,,,,,,,,,,,,,,,,,,,
,,,,,,,,,,,,,,,,,,,,,,,,,,,,,,,,,
,,,,,,,,,,,,,,,,,,,,,,,,,,,,,,,,,
,,,,,,,,,,,,,,,,,,,,,,,,,,,,,,,,,
,,,,,,,,,,,,,,,,,,,,,,,,,,,,,,,,,
,,,,,,,,,,,,,,,,,,,,,,,,,,,,,,,,,
,,,,,,,,,,,,,,,,,,,,,,,,,,,,,,,,,
,,,,,,,,,,,,,,,,,,,,,,,,,,,,,,,,,
,,,,,,,,,,,,,,,,,,,,,,,,,,,,,,,,,
,,,,,,,,,,,,,,,,,,,,,,,,,,,,,,,,,
,,,,,,,,,,,,,,,,,,,,,,,,,,,,,,,,,
,,,,,,,,,,,,,,,,,,,,,,,,,,,,,,,,,
,,,,,,,,,,,,,,,,,,,,,,,,,,,,,,,,,
,,,,,,,,,,,,,,,,,,,,,,,,,,,,,,,,,
,,,,,,,,,,,,,,,,,,,,,,,,,,,,,,,,,
,,,,,,,,,,,,,,,,,,,,,,,,,,,,,,,,,
,,,,,,,,,,,,,,,,,,,,,,,,,,,,,,,,,
,,,,,,,,,,,,,,,,,,,,,,,,,,,,,,,,,
,,,,,,,,,,,,,,,,,,,,,,,,,,,,,,,,,
,,,,,,,,,,,,,,,,,,,,,,,,,,,,,,,,,
,,,,,,,,,,,,,,,,,,,,,,,,,,,,,,,,,
,,,,,,,,,,,,,,,,,,,,,,,,,,,,,,,,,
,,,,,,,,,,,,,,,,,,,,,,,,,,,,,,,,,
,,,,,,,,,,,,,,,,,,,,,,,,,,,,,,,,,
,,,,,,,,,,,,,,,,,,,,,,,,,,,,,,,,,
,,,,,,,,,,,,,,,,,,,,,,,,,,,,,,,,,
,,,,,,,,,,,,,,,,,,,,,,,,,,,,,,,,,
,,,,,,,,,,,,,,,,,,,,,,,,,,,,,,,,,
,,,,,,,,,,,,,,,,,,,,,,,,,,,,,,,,,
,,,,,,,,,,,,,,,,,,,,,,,,,,,,,,,,,
,,,,,,,,,,,,,,,,,,,,,,,,,,,,,,,,,
,,,,,,,,,,,,,,,,,,,,,,,,,,,,,,,,,
,,,,,,,,,,,,,,,,,,,,,,,,,,,,,,,,,
,,,,,,,,,,,,,,,,,,,,,,,,,,,,,,,,,
,,,,,,,,,,,,,,,,,,,,,,,,,,,,,,,,,
,,,,,,,,,,,,,,,,,,,,,,,,,,,,,,,,,
,,,,,,,,,,,,,,,,,,,,,,,,,,,,,,,,,
,,,,,,,,,,,,,,,,,,,,,,,,,,,,,,,,,
,,,,,,,,,,,,,,,,,,,,,,,,,,,,,,,,,
,,,,,,,,,,,,,,,,,,,,,,,,,,,,,,,,,
,,,,,,,,,,,,,,,,,,,,,,,,,,,,,,,,,
,,,,,,,,,,,,,,,,,,,,,,,,,,,,,,,,,
,,,,,,,,,,,,,,,,,,,,,,,,,,,,,,,,,
,,,,,,,,,,,,,,,,,,,,,,,,,,,,,,,,,
,,,,,,,,,,,,,,,,,,,,,,,,,,,,,,,,,
,,,,,,,,,,,,,,,,,,,,,,,,,,,,,,,,,
,,,,,,,,,,,,,,,,,,,,,,,,,,,,,,,,,
,,,,,,,,,,,,,,,,,,,,,,,,,,,,,,,,,
,,,,,,,,,,,,,,,,,,,,,,,,,,,,,,,,,
,,,,,,,,,,,,,,,,,,,,,,,,,,,,,,,,,
,,,,,,,,,,,,,,,,,,,,,,,,,,,,,,,,,
,,,,,,,,,,,,,,,,,,,,,,,,,,,,,,,,,
,,,,,,,,,,,,,,,,,,,,,,,,,,,,,,,,,
,,,,,,,,,,,,,,,,,,,,,,,,,,,,,,,,,
,,,,,,,,,,,,,,,,,,,,,,,,,,,,,,,,,
,,,,,,,,,,,,,,,,,,,,,,,,,,,,,,,,,
,,,,,,,,,,,,,,,,,,,,,,,,,,,,,,,,,
,,,,,,,,,,,,,,,,,,,,,,,,,,,,,,,,,
,,,,,,,,,,,,,,,,,,,,,,,,,,,,,,,,,
,,,,,,,,,,,,,,,,,,,,,,,,,,,,,,,,,
,,,,,,,,,,,,,,,,,,,,,,,,,,,,,,,,,
,,,,,,,,,,,,,,,,,,,,,,,,,,,,,,,,,
,,,,,,,,,,,,,,,,,,,,,,,,,,,,,,,,,
,,,,,,,,,,,,,,,,,,,,,,,,,,,,,,,,,
,,,,,,,,,,,,,,,,,,,,,,,,,,,,,,,,,
,,,,,,,,,,,,,,,,,,,,,,,,,,,,,,,,,
,,,,,,,,,,,,,,,,,,,,,,,,,,,,,,,,,
,,,,,,,,,,,,,,,,,,,,,,,,,,,,,,,,,
,,,,,,,,,,,,,,,,,,,,,,,,,,,,,,,,,
,,,,,,,,,,,,,,,,,,,,,,,,,,,,,,,,,
,,,,,,,,,,,,,,,,,,,,,,,,,,,,,,,,,
,,,,,,,,,,,,,,,,,,,,,,,,,,,,,,,,,
,,,,,,,,,,,,,,,,,,,,,,,,,,,,,,,,,
,,,,,,,,,,,,,,,,,,,,,,,,,,,,,,,,,
,,,,,,,,,,,,,,,,,,,,,,,,,,,,,,,,,
,,,,,,,,,,,,,,,,,,,,,,,,,,,,,,,,,
,,,,,,,,,,,,,,,,,,,,,,,,,,,,,,,,,
,,,,,,,,,,,,,,,,,,,,,,,,,,,,,,,,,
,,,,,,,,,,,,,,,,,,,,,,,,,,,,,,,,,
,,,,,,,,,,,,,,,,,,,,,,,,,,,,,,,,,
,,,,,,,,,,,,,,,,,,,,,,,,,,,,,,,,,
,,,,,,,,,,,,,,,,,,,,,,,,,,,,,,,,,
,,,,,,,,,,,,,,,,,,,,,,,,,,,,,,,,,
,,,,,,,,,,,,,,,,,,,,,,,,,,,,,,,,,
,,,,,,,,,,,,,,,,,,,,,,,,,,,,,,,,,
,,,,,,,,,,,,,,,,,,,,,,,,,,,,,,,,,
,,,,,,,,,,,,,,,,,,,,,,,,,,,,,,,,,
,,,,,,,,,,,,,,,,,,,,,,,,,,,,,,,,,
,,,,,,,,,,,,,,,,,,,,,,,,,,,,,,,,,
,,,,,,,,,,,,,,,,,,,,,,,,,,,,,,,,,
,,,,,,,,,,,,,,,,,,,,,,,,,,,,,,,,,
,,,,,,,,,,,,,,,,,,,,,,,,,,,,,,,,,
,,,,,,,,,,,,,,,,,,,,,,,,,,,,,,,,,
,,,,,,,,,,,,,,,,,,,,,,,,,,,,,,,,,
,,,,,,,,,,,,,,,,,,,,,,,,,,,,,,,,,
,,,,,,,,,,,,,,,,,,,,,,,,,,,,,,,,,
,,,,,,,,,,,,,,,,,,,,,,,,,,,,,,,,,
,,,,,,,,,,,,,,,,,,,,,,,,,,,,,,,,,
,,,,,,,,,,,,,,,,,,,,,,,,,,,,,,,,,
,,,,,,,,,,,,,,,,,,,,,,,,,,,,,,,,,
,,,,,,,,,,,,,,,,,,,,,,,,,,,,,,,,,
,,,,,,,,,,,,,,,,,,,,,,,,,,,,,,,,,
,,,,,,,,,,,,,,,,,,,,,,,,,,,,,,,,,
,,,,,,,,,,,,,,,,,,,,,,,,,,,,,,,,,
,,,,,,,,,,,,,,,,,,,,,,,,,,,,,,,,,
,,,,,,,,,,,,,,,,,,,,,,,,,,,,,,,,,
,,,,,,,,,,,,,,,,,,,,,,,,,,,,,,,,,
,,,,,,,,,,,,,,,,,,,,,,,,,,,,,,,,,
,,,,,,,,,,,,,,,,,,,,,,,,,,,,,,,,,
,,,,,,,,,,,,,,,,,,,,,,,,,,,,,,,,,
,,,,,,,,,,,,,,,,,,,,,,,,,,,,,,,,,
,,,,,,,,,,,,,,,,,,,,,,,,,,,,,,,,,
,,,,,,,,,,,,,,,,,,,,,,,,,,,,,,,,,
,,,,,,,,,,,,,,,,,,,,,,,,,,,,,,,,,
,,,,,,,,,,,,,,,,,,,,,,,,,,,,,,,,,
,,,,,,,,,,,,,,,,,,,,,,,,,,,,,,,,,
,,,,,,,,,,,,,,,,,,,,,,,,,,,,,,,,,
,,,,,,,,,,,,,,,,,,,,,,,,,,,,,,,,,
,,,,,,,,,,,,,,,,,,,,,,,,,,,,,,,,,
,,,,,,,,,,,,,,,,,,,,,,,,,,,,,,,,,
,,,,,,,,,,,,,,,,,,,,,,,,,,,,,,,,,
,,,,,,,,,,,,,,,,,,,,,,,,,,,,,,,,,
,,,,,,,,,,,,,,,,,,,,,,,,,,,,,,,,,
,,,,,,,,,,,,,,,,,,,,,,,,,,,,,,,,,
,,,,,,,,,,,,,,,,,,,,,,,,,,,,,,,,,
,,,,,,,,,,,,,,,,,,,,,,,,,,,,,,,,,
,,,,,,,,,,,,,,,,,,,,,,,,,,,,,,,,,
,,,,,,,,,,,,,,,,,,,,,,,,,,,,,,,,,
,,,,,,,,,,,,,,,,,,,,,,,,,,,,,,,,,
,,,,,,,,,,,,,,,,,,,,,,,,,,,,,,,,,
,,,,,,,,,,,,,,,,,,,,,,,,,,,,,,,,,
,,,,,,,,,,,,,,,,,,,,,,,,,,,,,,,,,
,,,,,,,,,,,,,,,,,,,,,,,,,,,,,,,,,
,,,,,,,,,,,,,,,,,,,,,,,,,,,,,,,,,
,,,,,,,,,,,,,,,,,,,,,,,,,,,,,,,,,
,,,,,,,,,,,,,,,,,,,,,,,,,,,,,,,,,
,,,,,,,,,,,,,,,,,,,,,,,,,,,,,,,,,
,,,,,,,,,,,,,,,,,,,,,,,,,,,,,,,,,
,,,,,,,,,,,,,,,,,,,,,,,,,,,,,,,,,
,,,,,,,,,,,,,,,,,,,,,,,,,,,,,,,,,
,,,,,,,,,,,,,,,,,,,,,,,,,,,,,,,,,
,,,,,,,,,,,,,,,,,,,,,,,,,,,,,,,,,
,,,,,,,,,,,,,,,,,,,,,,,,,,,,,,,,,
,,,,,,,,,,,,,,,,,,,,,,,,,,,,,,,,,
,,,,,,,,,,,,,,,,,,,,,,,,,,,,,,,,,
,,,,,,,,,,,,,,,,,,,,,,,,,,,,,,,,,
,,,,,,,,,,,,,,,,,,,,,,,,,,,,,,,,,
,,,,,,,,,,,,,,,,,,,,,,,,,,,,,,,,,
,,,,,,,,,,,,,,,,,,,,,,,,,,,,,,,,,
,,,,,,,,,,,,,,,,,,,,,,,,,,,,,,,,,
,,,,,,,,,,,,,,,,,,,,,,,,,,,,,,,,,
,,,,,,,,,,,,,,,,,,,,,,,,,,,,,,,,,
,,,,,,,,,,,,,,,,,,,,,,,,,,,,,,,,,
,,,,,,,,,,,,,,,,,,,,,,,,,,,,,,,,,
,,,,,,,,,,,,,,,,,,,,,,,,,,,,,,,,,
,,,,,,,,,,,,,,,,,,,,,,,,,,,,,,,,,
,,,,,,,,,,,,,,,,,,,,,,,,,,,,,,,,,
,,,,,,,,,,,,,,,,,,,,,,,,,,,,,,,,,
,,,,,,,,,,,,,,,,,,,,,,,,,,,,,,,,,
,,,,,,,,,,,,,,,,,,,,,,,,,,,,,,,,,
,,,,,,,,,,,,,,,,,,,,,,,,,,,,,,,,,
,,,,,,,,,,,,,,,,,,,,,,,,,,,,,,,,,
,,,,,,,,,,,,,,,,,,,,,,,,,,,,,,,,,
,,,,,,,,,,,,,,,,,,,,,,,,,,,,,,,,,
,,,,,,,,,,,,,,,,,,,,,,,,,,,,,,,,,
,,,,,,,,,,,,,,,,,,,,,,,,,,,,,,,,,
,,,,,,,,,,,,,,,,,,,,,,,,,,,,,,,,,
,,,,,,,,,,,,,,,,,,,,,,,,,,,,,,,,,
,,,,,,,,,,,,,,,,,,,,,,,,,,,,,,,,,
,,,,,,,,,,,,,,,,,,,,,,,,,,,,,,,,,
,,,,,,,,,,,,,,,,,,,,,,,,,,,,,,,,,
,,,,,,,,,,,,,,,,,,,,,,,,,,,,,,,,,
,,,,,,,,,,,,,,,,,,,,,,,,,,,,,,,,,
,,,,,,,,,,,,,,,,,,,,,,,,,,,,,,,,,
,,,,,,,,,,,,,,,,,,,,,,,,,,,,,,,,,
,,,,,,,,,,,,,,,,,,,,,,,,,,,,,,,,,
,,,,,,,,,,,,,,,,,,,,,,,,,,,,,,,,,
,,,,,,,,,,,,,,,,,,,,,,,,,,,,,,,,,
,,,,,,,,,,,,,,,,,,,,,,,,,,,,,,,,,
,,,,,,,,,,,,,,,,,,,,,,,,,,,,,,,,,
,,,,,,,,,,,,,,,,,,,,,,,,,,,,,,,,,
,,,,,,,,,,,,,,,,,,,,,,,,,,,,,,,,,
,,,,,,,,,,,,,,,,,,,,,,,,,,,,,,,,,
,,,,,,,,,,,,,,,,,,,,,,,,,,,,,,,,,
,,,,,,,,,,,,,,,,,,,,,,,,,,,,,,,,,
,,,,,,,,,,,,,,,,,,,,,,,,,,,,,,,,,
,,,,,,,,,,,,,,,,,,,,,,,,,,,,,,,,,
,,,,,,,,,,,,,,,,,,,,,,,,,,,,,,,,,
,,,,,,,,,,,,,,,,,,,,,,,,,,,,,,,,,
,,,,,,,,,,,,,,,,,,,,,,,,,,,,,,,,,
,,,,,,,,,,,,,,,,,,,,,,,,,,,,,,,,,
,,,,,,,,,,,,,,,,,,,,,,,,,,,,,,,,,
,,,,,,,,,,,,,,,,,,,,,,,,,,,,,,,,,
,,,,,,,,,,,,,,,,,,,,,,,,,,,,,,,,,
,,,,,,,,,,,,,,,,,,,,,,,,,,,,,,,,,
,,,,,,,,,,,,,,,,,,,,,,,,,,,,,,,,,
,,,,,,,,,,,,,,,,,,,,,,,,,,,,,,,,,
,,,,,,,,,,,,,,,,,,,,,,,,,,,,,,,,,
,,,,,,,,,,,,,,,,,,,,,,,,,,,,,,,,,
,,,,,,,,,,,,,,,,,,,,,,,,,,,,,,,,,
,,,,,,,,,,,,,,,,,,,,,,,,,,,,,,,,,
,,,,,,,,,,,,,,,,,,,,,,,,,,,,,,,,,
,,,,,,,,,,,,,,,,,,,,,,,,,,,,,,,,,
,,,,,,,,,,,,,,,,,,,,,,,,,,,,,,,,,
,,,,,,,,,,,,,,,,,,,,,,,,,,,,,,,,,
,,,,,,,,,,,,,,,,,,,,,,,,,,,,,,,,,
,,,,,,,,,,,,,,,,,,,,,,,,,,,,,,,,,
,,,,,,,,,,,,,,,,,,,,,,,,,,,,,,,,,
,,,,,,,,,,,,,,,,,,,,,,,,,,,,,,,,,
,,,,,,,,,,,,,,,,,,,,,,,,,,,,,,,,,
,,,,,,,,,,,,,,,,,,,,,,,,,,,,,,,,,
,,,,,,,,,,,,,,,,,,,,,,,,,,,,,,,,,
,,,,,,,,,,,,,,,,,,,,,,,,,,,,,,,,,
,,,,,,,,,,,,,,,,,,,,,,,,,,,,,,,,,
,,,,,,,,,,,,,,,,,,,,,,,,,,,,,,,,,
,,,,,,,,,,,,,,,,,,,,,,,,,,,,,,,,,
,,,,,,,,,,,,,,,,,,,,,,,,,,,,,,,,,
,,,,,,,,,,,,,,,,,,,,,,,,,,,,,,,,,
,,,,,,,,,,,,,,,,,,,,,,,,,,,,,,,,,
,,,,,,,,,,,,,,,,,,,,,,,,,,,,,,,,,
,,,,,,,,,,,,,,,,,,,,,,,,,,,,,,,,,
,,,,,,,,,,,,,,,,,,,,,,,,,,,,,,,,,
,,,,,,,,,,,,,,,,,,,,,,,,,,,,,,,,,
,,,,,,,,,,,,,,,,,,,,,,,,,,,,,,,,,
,,,,,,,,,,,,,,,,,,,,,,,,,,,,,,,,,
,,,,,,,,,,,,,,,,,,,,,,,,,,,,,,,,,
,,,,,,,,,,,,,,,,,,,,,,,,,,,,,,,,,
,,,,,,,,,,,,,,,,,,,,,,,,,,,,,,,,,
,,,,,,,,,,,,,,,,,,,,,,,,,,,,,,,,,
,,,,,,,,,,,,,,,,,,,,,,,,,,,,,,,,,
,,,,,,,,,,,,,,,,,,,,,,,,,,,,,,,,,
,,,,,,,,,,,,,,,,,,,,,,,,,,,,,,,,,
,,,,,,,,,,,,,,,,,,,,,,,,,,,,,,,,,
,,,,,,,,,,,,,,,,,,,,,,,,,,,,,,,,,
,,,,,,,,,,,,,,,,,,,,,,,,,,,,,,,,,
,,,,,,,,,,,,,,,,,,,,,,,,,,,,,,,,,
,,,,,,,,,,,,,,,,,,,,,,,,,,,,,,,,,
,,,,,,,,,,,,,,,,,,,,,,,,,,,,,,,,,
,,,,,,,,,,,,,,,,,,,,,,,,,,,,,,,,,
,,,,,,,,,,,,,,,,,,,,,,,,,,,,,,,,,
,,,,,,,,,,,,,,,,,,,,,,,,,,,,,,,,,
,,,,,,,,,,,,,,,,,,,,,,,,,,,,,,,,,
,,,,,,,,,,,,,,,,,,,,,,,,,,,,,,,,,
,,,,,,,,,,,,,,,,,,,,,,,,,,,,,,,,,
,,,,,,,,,,,,,,,,,,,,,,,,,,,,,,,,,
,,,,,,,,,,,,,,,,,,,,,,,,,,,,,,,,,
,,,,,,,,,,,,,,,,,,,,,,,,,,,,,,,,,
,,,,,,,,,,,,,,,,,,,,,,,,,,,,,,,,,
,,,,,,,,,,,,,,,,,,,,,,,,,,,,,,,,,
,,,,,,,,,,,,,,,,,,,,,,,,,,,,,,,,,
,,,,,,,,,,,,,,,,,,,,,,,,,,,,,,,,,
,,,,,,,,,,,,,,,,,,,,,,,,,,,,,,,,,
,,,,,,,,,,,,,,,,,,,,,,,,,,,,,,,,,
,,,,,,,,,,,,,,,,,,,,,,,,,,,,,,,,,
,,,,,,,,,,,,,,,,,,,,,,,,,,,,,,,,,
,,,,,,,,,,,,,,,,,,,,,,,,,,,,,,,,,
,,,,,,,,,,,,,,,,,,,,,,,,,,,,,,,,,
,,,,,,,,,,,,,,,,,,,,,,,,,,,,,,,,,
,,,,,,,,,,,,,,,,,,,,,,,,,,,,,,,,,
,,,,,,,,,,,,,,,,,,,,,,,,,,,,,,,,,
,,,,,,,,,,,,,,,,,,,,,,,,,,,,,,,,,
,,,,,,,,,,,,,,,,,,,,,,,,,,,,,,,,,
,,,,,,,,,,,,,,,,,,,,,,,,,,,,,,,,,
,,,,,,,,,,,,,,,,,,,,,,,,,,,,,,,,,
,,,,,,,,,,,,,,,,,,,,,,,,,,,,,,,,,
,,,,,,,,,,,,,,,,,,,,,,,,,,,,,,,,,
,,,,,,,,,,,,,,,,,,,,,,,,,,,,,,,,,
,,,,,,,,,,,,,,,,,,,,,,,,,,,,,,,,,
,,,,,,,,,,,,,,,,,,,,,,,,,,,,,,,,,
,,,,,,,,,,,,,,,,,,,,,,,,,,,,,,,,,
,,,,,,,,,,,,,,,,,,,,,,,,,,,,,,,,,
,,,,,,,,,,,,,,,,,,,,,,,,,,,,,,,,,
,,,,,,,,,,,,,,,,,,,,,,,,,,,,,,,,,
,,,,,,,,,,,,,,,,,,,,,,,,,,,,,,,,,
,,,,,,,,,,,,,,,,,,,,,,,,,,,,,,,,,
,,,,,,,,,,,,,,,,,,,,,,,,,,,,,,,,,
,,,,,,,,,,,,,,,,,,,,,,,,,,,,,,,,,
,,,,,,,,,,,,,,,,,,,,,,,,,,,,,,,,,
,,,,,,,,,,,,,,,,,,,,,,,,,,,,,,,,,
,,,,,,,,,,,,,,,,,,,,,,,,,,,,,,,,,
,,,,,,,,,,,,,,,,,,,,,,,,,,,,,,,,,
,,,,,,,,,,,,,,,,,,,,,,,,,,,,,,,,,
,,,,,,,,,,,,,,,,,,,,,,,,,,,,,,,,,
,,,,,,,,,,,,,,,,,,,,,,,,,,,,,,,,,
,,,,,,,,,,,,,,,,,,,,,,,,,,,,,,,,,
,,,,,,,,,,,,,,,,,,,,,,,,,,,,,,,,,
,,,,,,,,,,,,,,,,,,,,,,,,,,,,,,,,,
,,,,,,,,,,,,,,,,,,,,,,,,,,,,,,,,,
,,,,,,,,,,,,,,,,,,,,,,,,,,,,,,,,,
,,,,,,,,,,,,,,,,,,,,,,,,,,,,,,,,,
,,,,,,,,,,,,,,,,,,,,,,,,,,,,,,,,,
,,,,,,,,,,,,,,,,,,,,,,,,,,,,,,,,,
,,,,,,,,,,,,,,,,,,,,,,,,,,,,,,,,,
,,,,,,,,,,,,,,,,,,,,,,,,,,,,,,,,,
,,,,,,,,,,,,,,,,,,,,,,,,,,,,,,,,,
,,,,,,,,,,,,,,,,,,,,,,,,,,,,,,,,,
,,,,,,,,,,,,,,,,,,,,,,,,,,,,,,,,,
,,,,,,,,,,,,,,,,,,,,,,,,,,,,,,,,,
,,,,,,,,,,,,,,,,,,,,,,,,,,,,,,,,,
,,,,,,,,,,,,,,,,,,,,,,,,,,,,,,,,,
,,,,,,,,,,,,,,,,,,,,,,,,,,,,,,,,,
,,,,,,,,,,,,,,,,,,,,,,,,,,,,,,,,,
,,,,,,,,,,,,,,,,,,,,,,,,,,,,,,,,,
,,,,,,,,,,,,,,,,,,,,,,,,,,,,,,,,,
,,,,,,,,,,,,,,,,,,,,,,,,,,,,,,,,,
,,,,,,,,,,,,,,,,,,,,,,,,,,,,,,,,,
,,,,,,,,,,,,,,,,,,,,,,,,,,,,,,,,,
,,,,,,,,,,,,,,,,,,,,,,,,,,,,,,,,,
,,,,,,,,,,,,,,,,,,,,,,,,,,,,,,,,,
,,,,,,,,,,,,,,,,,,,,,,,,,,,,,,,,,
,,,,,,,,,,,,,,,,,,,,,,,,,,,,,,,,,
,,,,,,,,,,,,,,,,,,,,,,,,,,,,,,,,,
,,,,,,,,,,,,,,,,,,,,,,,,,,,,,,,,,
,,,,,,,,,,,,,,,,,,,,,,,,,,,,,,,,,
,,,,,,,,,,,,,,,,,,,,,,,,,,,,,,,,,
,,,,,,,,,,,,,,,,,,,,,,,,,,,,,,,,,
,,,,,,,,,,,,,,,,,,,,,,,,,,,,,,,,,
,,,,,,,,,,,,,,,,,,,,,,,,,,,,,,,,,
,,,,,,,,,,,,,,,,,,,,,,,,,,,,,,,,,
,,,,,,,,,,,,,,,,,,,,,,,,,,,,,,,,,
,,,,,,,,,,,,,,,,,,,,,,,,,,,,,,,,,
,,,,,,,,,,,,,,,,,,,,,,,,,,,,,,,,,
,,,,,,,,,,,,,,,,,,,,,,,,,,,,,,,,,
,,,,,,,,,,,,,,,,,,,,,,,,,,,,,,,,,
,,,,,,,,,,,,,,,,,,,,,,,,,,,,,,,,,
,,,,,,,,,,,,,,,,,,,,,,,,,,,,,,,,,
,,,,,,,,,,,,,,,,,,,,,,,,,,,,,,,,,
,,,,,,,,,,,,,,,,,,,,,,,,,,,,,,,,,
,,,,,,,,,,,,,,,,,,,,,,,,,,,,,,,,,
,,,,,,,,,,,,,,,,,,,,,,,,,,,,,,,,,
,,,,,,,,,,,,,,,,,,,,,,,,,,,,,,,,,
,,,,,,,,,,,,,,,,,,,,,,,,,,,,,,,,,
,,,,,,,,,,,,,,,,,,,,,,,,,,,,,,,,,
,,,,,,,,,,,,,,,,,,,,,,,,,,,,,,,,,
,,,,,,,,,,,,,,,,,,,,,,,,,,,,,,,,,
,,,,,,,,,,,,,,,,,,,,,,,,,,,,,,,,,
,,,,,,,,,,,,,,,,,,,,,,,,,,,,,,,,,
,,,,,,,,,,,,,,,,,,,,,,,,,,,,,,,,,
,,,,,,,,,,,,,,,,,,,,,,,,,,,,,,,,,
,,,,,,,,,,,,,,,,,,,,,,,,,,,,,,,,,
,,,,,,,,,,,,,,,,,,,,,,,,,,,,,,,,,
,,,,,,,,,,,,,,,,,,,,,,,,,,,,,,,,,
,,,,,,,,,,,,,,,,,,,,,,,,,,,,,,,,,
,,,,,,,,,,,,,,,,,,,,,,,,,,,,,,,,,
,,,,,,,,,,,,,,,,,,,,,,,,,,,,,,,,,
,,,,,,,,,,,,,,,,,,,,,,,,,,,,,,,,,
,,,,,,,,,,,,,,,,,,,,,,,,,,,,,,,,,
,,,,,,,,,,,,,,,,,,,,,,,,,,,,,,,,,
,,,,,,,,,,,,,,,,,,,,,,,,,,,,,,,,,
,,,,,,,,,,,,,,,,,,,,,,,,,,,,,,,,,
,,,,,,,,,,,,,,,,,,,,,,,,,,,,,,,,,
,,,,,,,,,,,,,,,,,,,,,,,,,,,,,,,,,
,,,,,,,,,,,,,,,,,,,,,,,,,,,,,,,,,
,,,,,,,,,,,,,,,,,,,,,,,,,,,,,,,,,
,,,,,,,,,,,,,,,,,,,,,,,,,,,,,,,,,
,,,,,,,,,,,,,,,,,,,,,,,,,,,,,,,,,
,,,,,,,,,,,,,,,,,,,,,,,,,,,,,,,,,
,,,,,,,,,,,,,,,,,,,,,,,,,,,,,,,,,
,,,,,,,,,,,,,,,,,,,,,,,,,,,,,,,,,
,,,,,,,,,,,,,,,,,,,,,,,,,,,,,,,,,
,,,,,,,,,,,,,,,,,,,,,,,,,,,,,,,,,
,,,,,,,,,,,,,,,,,,,,,,,,,,,,,,,,,
,,,,,,,,,,,,,,,,,,,,,,,,,,,,,,,,,
,,,,,,,,,,,,,,,,,,,,,,,,,,,,,,,,,
,,,,,,,,,,,,,,,,,,,,,,,,,,,,,,,,,
,,,,,,,,,,,,,,,,,,,,,,,,,,,,,,,,,
,,,,,,,,,,,,,,,,,,,,,,,,,,,,,,,,,
,,,,,,,,,,,,,,,,,,,,,,,,,,,,,,,,,
,,,,,,,,,,,,,,,,,,,,,,,,,,,,,,,,,
,,,,,,,,,,,,,,,,,,,,,,,,,,,,,,,,,
,,,,,,,,,,,,,,,,,,,,,,,,,,,,,,,,,
,,,,,,,,,,,,,,,,,,,,,,,,,,,,,,,,,
,,,,,,,,,,,,,,,,,,,,,,,,,,,,,,,,,
,,,,,,,,,,,,,,,,,,,,,,,,,,,,,,,,,
,,,,,,,,,,,,,,,,,,,,,,,,,,,,,,,,,
,,,,,,,,,,,,,,,,,,,,,,,,,,,,,,,,,
,,,,,,,,,,,,,,,,,,,,,,,,,,,,,,,,,
,,,,,,,,,,,,,,,,,,,,,,,,,,,,,,,,,
,,,,,,,,,,,,,,,,,,,,,,,,,,,,,,,,,
,,,,,,,,,,,,,,,,,,,,,,,,,,,,,,,,,
,,,,,,,,,,,,,,,,,,,,,,,,,,,,,,,,,
,,,,,,,,,,,,,,,,,,,,,,,,,,,,,,,,,
,,,,,,,,,,,,,,,,,,,,,,,,,,,,,,,,,
,,,,,,,,,,,,,,,,,,,,,,,,,,,,,,,,,
,,,,,,,,,,,,,,,,,,,,,,,,,,,,,,,,,
,,,,,,,,,,,,,,,,,,,,,,,,,,,,,,,,,
,,,,,,,,,,,,,,,,,,,,,,,,,,,,,,,,,
,,,,,,,,,,,,,,,,,,,,,,,,,,,,,,,,,
,,,,,,,,,,,,,,,,,,,,,,,,,,,,,,,,,
,,,,,,,,,,,,,,,,,,,,,,,,,,,,,,,,,
,,,,,,,,,,,,,,,,,,,,,,,,,,,,,,,,,
,,,,,,,,,,,,,,,,,,,,,,,,,,,,,,,,,
,,,,,,,,,,,,,,,,,,,,,,,,,,,,,,,,,
,,,,,,,,,,,,,,,,,,,,,,,,,,,,,,,,,
,,,,,,,,,,,,,,,,,,,,,,,,,,,,,,,,,
,,,,,,,,,,,,,,,,,,,,,,,,,,,,,,,,,
,,,,,,,,,,,,,,,,,,,,,,,,,,,,,,,,,
,,,,,,,,,,,,,,,,,,,,,,,,,,,,,,,,,
,,,,,,,,,,,,,,,,,,,,,,,,,,,,,,,,,
,,,,,,,,,,,,,,,,,,,,,,,,,,,,,,,,,
,,,,,,,,,,,,,,,,,,,,,,,,,,,,,,,,,
,,,,,,,,,,,,,,,,,,,,,,,,,,,,,,,,,
,,,,,,,,,,,,,,,,,,,,,,,,,,,,,,,,,
,,,,,,,,,,,,,,,,,,,,,,,,,,,,,,,,,
,,,,,,,,,,,,,,,,,,,,,,,,,,,,,,,,,
,,,,,,,,,,,,,,,,,,,,,,,,,,,,,,,,,
,,,,,,,,,,,,,,,,,,,,,,,,,,,,,,,,,
,,,,,,,,,,,,,,,,,,,,,,,,,,,,,,,,,
,,,,,,,,,,,,,,,,,,,,,,,,,,,,,,,,,
,,,,,,,,,,,,,,,,,,,,,,,,,,,,,,,,,
,,,,,,,,,,,,,,,,,,,,,,,,,,,,,,,,,
,,,,,,,,,,,,,,,,,,,,,,,,,,,,,,,,,
,,,,,,,,,,,,,,,,,,,,,,,,,,,,,,,,,
,,,,,,,,,,,,,,,,,,,,,,,,,,,,,,,,,
,,,,,,,,,,,,,,,,,,,,,,,,,,,,,,,,,
,,,,,,,,,,,,,,,,,,,,,,,,,,,,,,,,,
,,,,,,,,,,,,,,,,,,,,,,,,,,,,,,,,,
,,,,,,,,,,,,,,,,,,,,,,,,,,,,,,,,,
,,,,,,,,,,,,,,,,,,,,,,,,,,,,,,,,,
,,,,,,,,,,,,,,,,,,,,,,,,,,,,,,,,,
,,,,,,,,,,,,,,,,,,,,,,,,,,,,,,,,,
,,,,,,,,,,,,,,,,,,,,,,,,,,,,,,,,,
,,,,,,,,,,,,,,,,,,,,,,,,,,,,,,,,,
,,,,,,,,,,,,,,,,,,,,,,,,,,,,,,,,,
,,,,,,,,,,,,,,,,,,,,,,,,,,,,,,,,,
,,,,,,,,,,,,,,,,,,,,,,,,,,,,,,,,,
,,,,,,,,,,,,,,,,,,,,,,,,,,,,,,,,,
,,,,,,,,,,,,,,,,,,,,,,,,,,,,,,,,,
,,,,,,,,,,,,,,,,,,,,,,,,,,,,,,,,,
,,,,,,,,,,,,,,,,,,,,,,,,,,,,,,,,,
,,,,,,,,,,,,,,,,,,,,,,,,,,,,,,,,,
,,,,,,,,,,,,,,,,,,,,,,,,,,,,,,,,,
,,,,,,,,,,,,,,,,,,,,,,,,,,,,,,,,,
,,,,,,,,,,,,,,,,,,,,,,,,,,,,,,,,,
,,,,,,,,,,,,,,,,,,,,,,,,,,,,,,,,,
,,,,,,,,,,,,,,,,,,,,,,,,,,,,,,,,,
,,,,,,,,,,,,,,,,,,,,,,,,,,,,,,,,,
,,,,,,,,,,,,,,,,,,,,,,,,,,,,,,,,,
,,,,,,,,,,,,,,,,,,,,,,,,,,,,,,,,,
,,,,,,,,,,,,,,,,,,,,,,,,,,,,,,,,,
,,,,,,,,,,,,,,,,,,,,,,,,,,,,,,,,,
,,,,,,,,,,,,,,,,,,,,,,,,,,,,,,,,,
,,,,,,,,,,,,,,,,,,,,,,,,,,,,,,,,,
,,,,,,,,,,,,,,,,,,,,,,,,,,,,,,,,,
,,,,,,,,,,,,,,,,,,,,,,,,,,,,,,,,,
,,,,,,,,,,,,,,,,,,,,,,,,,,,,,,,,,
,,,,,,,,,,,,,,,,,,,,,,,,,,,,,,,,,
,,,,,,,,,,,,,,,,,,,,,,,,,,,,,,,,,
,,,,,,,,,,,,,,,,,,,,,,,,,,,,,,,,,
,,,,,,,,,,,,,,,,,,,,,,,,,,,,,,,,,
,,,,,,,,,,,,,,,,,,,,,,,,,,,,,,,,,
,,,,,,,,,,,,,,,,,,,,,,,,,,,,,,,,,
,,,,,,,,,,,,,,,,,,,,,,,,,,,,,,,,,
,,,,,,,,,,,,,,,,,,,,,,,,,,,,,,,,,
,,,,,,,,,,,,,,,,,,,,,,,,,,,,,,,,,
,,,,,,,,,,,,,,,,,,,,,,,,,,,,,,,,,
,,,,,,,,,,,,,,,,,,,,,,,,,,,,,,,,,
,,,,,,,,,,,,,,,,,,,,,,,,,,,,,,,,,
,,,,,,,,,,,,,,,,,,,,,,,,,,,,,,,,,
,,,,,,,,,,,,,,,,,,,,,,,,,,,,,,,,,
,,,,,,,,,,,,,,,,,,,,,,,,,,,,,,,,,
,,,,,,,,,,,,,,,,,,,,,,,,,,,,,,,,,
,,,,,,,,,,,,,,,,,,,,,,,,,,,,,,,,,
,,,,,,,,,,,,,,,,,,,,,,,,,,,,,,,,,
,,,,,,,,,,,,,,,,,,,,,,,,,,,,,,,,,
,,,,,,,,,,,,,,,,,,,,,,,,,,,,,,,,,
,,,,,,,,,,,,,,,,,,,,,,,,,,,,,,,,,
,,,,,,,,,,,,,,,,,,,,,,,,,,,,,,,,,
,,,,,,,,,,,,,,,,,,,,,,,,,,,,,,,,,
,,,,,,,,,,,,,,,,,,,,,,,,,,,,,,,,,
,,,,,,,,,,,,,,,,,,,,,,,,,,,,,,,,,
,,,,,,,,,,,,,,,,,,,,,,,,,,,,,,,,,
,,,,,,,,,,,,,,,,,,,,,,,,,,,,,,,,,
,,,,,,,,,,,,,,,,,,,,,,,,,,,,,,,,,
,,,,,,,,,,,,,,,,,,,,,,,,,,,,,,,,,
,,,,,,,,,,,,,,,,,,,,,,,,,,,,,,,,,
,,,,,,,,,,,,,,,,,,,,,,,,,,,,,,,,,
,,,,,,,,,,,,,,,,,,,,,,,,,,,,,,,,,
,,,,,,,,,,,,,,,,,,,,,,,,,,,,,,,,,
,,,,,,,,,,,,,,,,,,,,,,,,,,,,,,,,,
,,,,,,,,,,,,,,,,,,,,,,,,,,,,,,,,,
,,,,,,,,,,,,,,,,,,,,,,,,,,,,,,,,,
,,,,,,,,,,,,,,,,,,,,,,,,,,,,,,,,,
,,,,,,,,,,,,,,,,,,,,,,,,,,,,,,,,,
,,,,,,,,,,,,,,,,,,,,,,,,,,,,,,,,,
,,,,,,,,,,,,,,,,,,,,,,,,,,,,,,,,,
,,,,,,,,,,,,,,,,,,,,,,,,,,,,,,,,,
,,,,,,,,,,,,,,,,,,,,,,,,,,,,,,,,,
,,,,,,,,,,,,,,,,,,,,,,,,,,,,,,,,,
,,,,,,,,,,,,,,,,,,,,,,,,,,,,,,,,,
,,,,,,,,,,,,,,,,,,,,,,,,,,,,,,,,,
,,,,,,,,,,,,,,,,,,,,,,,,,,,,,,,,,
,,,,,,,,,,,,,,,,,,,,,,,,,,,,,,,,,
,,,,,,,,,,,,,,,,,,,,,,,,,,,,,,,,,
,,,,,,,,,,,,,,,,,,,,,,,,,,,,,,,,,
,,,,,,,,,,,,,,,,,,,,,,,,,,,,,,,,,
,,,,,,,,,,,,,,,,,,,,,,,,,,,,,,,,,
,,,,,,,,,,,,,,,,,,,,,,,,,,,,,,,,,
,,,,,,,,,,,,,,,,,,,,,,,,,,,,,,,,,
,,,,,,,,,,,,,,,,,,,,,,,,,,,,,,,,,
,,,,,,,,,,,,,,,,,,,,,,,,,,,,,,,,,
,,,,,,,,,,,,,,,,,,,,,,,,,,,,,,,,,
,,,,,,,,,,,,,,,,,,,,,,,,,,,,,,,,,
,,,,,,,,,,,,,,,,,,,,,,,,,,,,,,,,,
,,,,,,,,,,,,,,,,,,,,,,,,,,,,,,,,,
,,,,,,,,,,,,,,,,,,,,,,,,,,,,,,,,,
,,,,,,,,,,,,,,,,,,,,,,,,,,,,,,,,,
,,,,,,,,,,,,,,,,,,,,,,,,,,,,,,,,,
,,,,,,,,,,,,,,,,,,,,,,,,,,,,,,,,,
,,,,,,,,,,,,,,,,,,,,,,,,,,,,,,,,,
,,,,,,,,,,,,,,,,,,,,,,,,,,,,,,,,,
,,,,,,,,,,,,,,,,,,,,,,,,,,,,,,,,,
,,,,,,,,,,,,,,,,,,,,,,,,,,,,,,,,,
,,,,,,,,,,,,,,,,,,,,,,,,,,,,,,,,,
,,,,,,,,,,,,,,,,,,,,,,,,,,,,,,,,,
,,,,,,,,,,,,,,,,,,,,,,,,,,,,,,,,,
,,,,,,,,,,,,,,,,,,,,,,,,,,,,,,,,,
,,,,,,,,,,,,,,,,,,,,,,,,,,,,,,,,,
,,,,,,,,,,,,,,,,,,,,,,,,,,,,,,,,,
,,,,,,,,,,,,,,,,,,,,,,,,,,,,,,,,,
,,,,,,,,,,,,,,,,,,,,,,,,,,,,,,,,,
,,,,,,,,,,,,,,,,,,,,,,,,,,,,,,,,,
,,,,,,,,,,,,,,,,,,,,,,,,,,,,,,,,,
,,,,,,,,,,,,,,,,,,,,,,,,,,,,,,,,,
,,,,,,,,,,,,,,,,,,,,,,,,,,,,,,,,,
,,,,,,,,,,,,,,,,,,,,,,,,,,,,,,,,,
,,,,,,,,,,,,,,,,,,,,,,,,,,,,,,,,,
,,,,,,,,,,,,,,,,,,,,,,,,,,,,,,,,,
,,,,,,,,,,,,,,,,,,,,,,,,,,,,,,,,,
,,,,,,,,,,,,,,,,,,,,,,,,,,,,,,,,,
,,,,,,,,,,,,,,,,,,,,,,,,,,,,,,,,,
,,,,,,,,,,,,,,,,,,,,,,,,,,,,,,,,,
,,,,,,,,,,,,,,,,,,,,,,,,,,,,,,,,,
,,,,,,,,,,,,,,,,,,,,,,,,,,,,,,,,,
,,,,,,,,,,,,,,,,,,,,,,,,,,,,,,,,,
,,,,,,,,,,,,,,,,,,,,,,,,,,,,,,,,,
,,,,,,,,,,,,,,,,,,,,,,,,,,,,,,,,,
,,,,,,,,,,,,,,,,,,,,,,,,,,,,,,,,,
,,,,,,,,,,,,,,,,,,,,,,,,,,,,,,,,,
,,,,,,,,,,,,,,,,,,,,,,,,,,,,,,,,,
,,,,,,,,,,,,,,,,,,,,,,,,,,,,,,,,,
,,,,,,,,,,,,,,,,,,,,,,,,,,,,,,,,,
,,,,,,,,,,,,,,,,,,,,,,,,,,,,,,,,,
,,,,,,,,,,,,,,,,,,,,,,,,,,,,,,,,,
,,,,,,,,,,,,,,,,,,,,,,,,,,,,,,,,,
,,,,,,,,,,,,,,,,,,,,,,,,,,,,,,,,,
,,,,,,,,,,,,,,,,,,,,,,,,,,,,,,,,,
,,,,,,,,,,,,,,,,,,,,,,,,,,,,,,,,,
,,,,,,,,,,,,,,,,,,,,,,,,,,,,,,,,,
,,,,,,,,,,,,,,,,,,,,,,,,,,,,,,,,,
,,,,,,,,,,,,,,,,,,,,,,,,,,,,,,,,,
,,,,,,,,,,,,,,,,,,,,,,,,,,,,,,,,,
,,,,,,,,,,,,,,,,,,,,,,,,,,,,,,,,,
,,,,,,,,,,,,,,,,,,,,,,,,,,,,,,,,,
,,,,,,,,,,,,,,,,,,,,,,,,,,,,,,,,,
,,,,,,,,,,,,,,,,,,,,,,,,,,,,,,,,,
,,,,,,,,,,,,,,,,,,,,,,,,,,,,,,,,,
,,,,,,,,,,,,,,,,,,,,,,,,,,,,,,,,,
,,,,,,,,,,,,,,,,,,,,,,,,,,,,,,,,,
,,,,,,,,,,,,,,,,,,,,,,,,,,,,,,,,,
,,,,,,,,,,,,,,,,,,,,,,,,,,,,,,,,,
,,,,,,,,,,,,,,,,,,,,,,,,,,,,,,,,,
,,,,,,,,,,,,,,,,,,,,,,,,,,,,,,,,,
,,,,,,,,,,,,,,,,,,,,,,,,,,,,,,,,,
,,,,,,,,,,,,,,,,,,,,,,,,,,,,,,,,,
,,,,,,,,,,,,,,,,,,,,,,,,,,,,,,,,,
,,,,,,,,,,,,,,,,,,,,,,,,,,,,,,,,,
,,,,,,,,,,,,,,,,,,,,,,,,,,,,,,,,,
,,,,,,,,,,,,,,,,,,,,,,,,,,,,,,,,,
,,,,,,,,,,,,,,,,,,,,,,,,,,,,,,,,,
,,,,,,,,,,,,,,,,,,,,,,,,,,,,,,,,,
,,,,,,,,,,,,,,,,,,,,,,,,,,,,,,,,,
,,,,,,,,,,,,,,,,,,,,,,,,,,,,,,,,,
,,,,,,,,,,,,,,,,,,,,,,,,,,,,,,,,,
,,,,,,,,,,,,,,,,,,,,,,,,,,,,,,,,,
,,,,,,,,,,,,,,,,,,,,,,,,,,,,,,,,,
,,,,,,,,,,,,,,,,,,,,,,,,,,,,,,,,,
,,,,,,,,,,,,,,,,,,,,,,,,,,,,,,,,,
,,,,,,,,,,,,,,,,,,,,,,,,,,,,,,,,,
,,,,,,,,,,,,,,,,,,,,,,,,,,,,,,,,,
,,,,,,,,,,,,,,,,,,,,,,,,,,,,,,,,,
,,,,,,,,,,,,,,,,,,,,,,,,,,,,,,,,,
,,,,,,,,,,,,,,,,,,,,,,,,,,,,,,,,,
,,,,,,,,,,,,,,,,,,,,,,,,,,,,,,,,,
,,,,,,,,,,,,,,,,,,,,,,,,,,,,,,,,,
,,,,,,,,,,,,,,,,,,,,,,,,,,,,,,,,,
,,,,,,,,,,,,,,,,,,,,,,,,,,,,,,,,,
,,,,,,,,,,,,,,,,,,,,,,,,,,,,,,,,,
,,,,,,,,,,,,,,,,,,,,,,,,,,,,,,,,,
,,,,,,,,,,,,,,,,,,,,,,,,,,,,,,,,,
,,,,,,,,,,,,,,,,,,,,,,,,,,,,,,,,,
,,,,,,,,,,,,,,,,,,,,,,,,,,,,,,,,,
,,,,,,,,,,,,,,,,,,,,,,,,,,,,,,,,,
,,,,,,,,,,,,,,,,,,,,,,,,,,,,,,,,,
,,,,,,,,,,,,,,,,,,,,,,,,,,,,,,,,,
,,,,,,,,,,,,,,,,,,,,,,,,,,,,,,,,,
,,,,,,,,,,,,,,,,,,,,,,,,,,,,,,,,,
,,,,,,,,,,,,,,,,,,,,,,,,,,,,,,,,,
,,,,,,,,,,,,,,,,,,,,,,,,,,,,,,,,,
,,,,,,,,,,,,,,,,,,,,,,,,,,,,,,,,,
,,,,,,,,,,,,,,,,,,,,,,,,,,,,,,,,,
,,,,,,,,,,,,,,,,,,,,,,,,,,,,,,,,,
,,,,,,,,,,,,,,,,,,,,,,,,,,,,,,,,,
,,,,,,,,,,,,,,,,,,,,,,,,,,,,,,,,,
,,,,,,,,,,,,,,,,,,,,,,,,,,,,,,,,,
,,,,,,,,,,,,,,,,,,,,,,,,,,,,,,,,,
,,,,,,,,,,,,,,,,,,,,,,,,,,,,,,,,,
,,,,,,,,,,,,,,,,,,,,,,,,,,,,,,,,,
,,,,,,,,,,,,,,,,,,,,,,,,,,,,,,,,,
,,,,,,,,,,,,,,,,,,,,,,,,,,,,,,,,,
,,,,,,,,,,,,,,,,,,,,,,,,,,,,,,,,,
,,,,,,,,,,,,,,,,,,,,,,,,,,,,,,,,,
,,,,,,,,,,,,,,,,,,,,,,,,,,,,,,,,,
,,,,,,,,,,,,,,,,,,,,,,,,,,,,,,,,,
,,,,,,,,,,,,,,,,,,,,,,,,,,,,,,,,,
,,,,,,,,,,,,,,,,,,,,,,,,,,,,,,,,,
,,,,,,,,,,,,,,,,,,,,,,,,,,,,,,,,,
,,,,,,,,,,,,,,,,,,,,,,,,,,,,,,,,,
,,,,,,,,,,,,,,,,,,,,,,,,,,,,,,,,,
,,,,,,,,,,,,,,,,,,,,,,,,,,,,,,,,,
,,,,,,,,,,,,,,,,,,,,,,,,,,,,,,,,,
,,,,,,,,,,,,,,,,,,,,,,,,,,,,,,,,,
,,,,,,,,,,,,,,,,,,,,,,,,,,,,,,,,,
,,,,,,,,,,,,,,,,,,,,,,,,,,,,,,,,,
,,,,,,,,,,,,,,,,,,,,,,,,,,,,,,,,,
,,,,,,,,,,,,,,,,,,,,,,,,,,,,,,,,,
,,,,,,,,,,,,,,,,,,,,,,,,,,,,,,,,,
,,,,,,,,,,,,,,,,,,,,,,,,,,,,,,,,,
,,,,,,,,,,,,,,,,,,,,,,,,,,,,,,,,,
,,,,,,,,,,,,,,,,,,,,,,,,,,,,,,,,,
,,,,,,,,,,,,,,,,,,,,,,,,,,,,,,,,,
,,,,,,,,,,,,,,,,,,,,,,,,,,,,,,,,,
,,,,,,,,,,,,,,,,,,,,,,,,,,,,,,,,,
,,,,,,,,,,,,,,,,,,,,,,,,,,,,,,,,,
,,,,,,,,,,,,,,,,,,,,,,,,,,,,,,,,,
,,,,,,,,,,,,,,,,,,,,,,,,,,,,,,,,,
,,,,,,,,,,,,,,,,,,,,,,,,,,,,,,,,,
,,,,,,,,,,,,,,,,,,,,,,,,,,,,,,,,,
,,,,,,,,,,,,,,,,,,,,,,,,,,,,,,,,,
,,,,,,,,,,,,,,,,,,,,,,,,,,,,,,,,,
,,,,,,,,,,,,,,,,,,,,,,,,,,,,,,,,,
,,,,,,,,,,,,,,,,,,,,,,,,,,,,,,,,,
,,,,,,,,,,,,,,,,,,,,,,,,,,,,,,,,,
,,,,,,,,,,,,,,,,,,,,,,,,,,,,,,,,,
,,,,,,,,,,,,,,,,,,,,,,,,,,,,,,,,,
,,,,,,,,,,,,,,,,,,,,,,,,,,,,,,,,,
,,,,,,,,,,,,,,,,,,,,,,,,,,,,,,,,,
,,,,,,,,,,,,,,,,,,,,,,,,,,,,,,,,,
,,,,,,,,,,,,,,,,,,,,,,,,,,,,,,,,,
,,,,,,,,,,,,,,,,,,,,,,,,,,,,,,,,,
,,,,,,,,,,,,,,,,,,,,,,,,,,,,,,,,,
,,,,,,,,,,,,,,,,,,,,,,,,,,,,,,,,,
,,,,,,,,,,,,,,,,,,,,,,,,,,,,,,,,,
,,,,,,,,,,,,,,,,,,,,,,,,,,,,,,,,,
,,,,,,,,,,,,,,,,,,,,,,,,,,,,,,,,,
,,,,,,,,,,,,,,,,,,,,,,,,,,,,,,,,,
,,,,,,,,,,,,,,,,,,,,,,,,,,,,,,,,,
,,,,,,,,,,,,,,,,,,,,,,,,,,,,,,,,,
,,,,,,,,,,,,,,,,,,,,,,,,,,,,,,,,,
,,,,,,,,,,,,,,,,,,,,,,,,,,,,,,,,,
,,,,,,,,,,,,,,,,,,,,,,,,,,,,,,,,,
,,,,,,,,,,,,,,,,,,,,,,,,,,,,,,,,,
,,,,,,,,,,,,,,,,,,,,,,,,,,,,,,,,,
,,,,,,,,,,,,,,,,,,,,,,,,,,,,,,,,,
,,,,,,,,,,,,,,,,,,,,,,,,,,,,,,,,,
,,,,,,,,,,,,,,,,,,,,,,,,,,,,,,,,,
,,,,,,,,,,,,,,,,,,,,,,,,,,,,,,,,,
,,,,,,,,,,,,,,,,,,,,,,,,,,,,,,,,,
,,,,,,,,,,,,,,,,,,,,,,,,,,,,,,,,,
,,,,,,,,,,,,,,,,,,,,,,,,,,,,,,,,,
,,,,,,,,,,,,,,,,,,,,,,,,,,,,,,,,,
,,,,,,,,,,,,,,,,,,,,,,,,,,,,,,,,,
,,,,,,,,,,,,,,,,,,,,,,,,,,,,,,,,,
,,,,,,,,,,,,,,,,,,,,,,,,,,,,,,,,,
,,,,,,,,,,,,,,,,,,,,,,,,,,,,,,,,,
,,,,,,,,,,,,,,,,,,,,,,,,,,,,,,,,,
,,,,,,,,,,,,,,,,,,,,,,,,,,,,,,,,,
,,,,,,,,,,,,,,,,,,,,,,,,,,,,,,,,,
,,,,,,,,,,,,,,,,,,,,,,,,,,,,,,,,,
,,,,,,,,,,,,,,,,,,,,,,,,,,,,,,,,,
,,,,,,,,,,,,,,,,,,,,,,,,,,,,,,,,,
,,,,,,,,,,,,,,,,,,,,,,,,,,,,,,,,,
,,,,,,,,,,,,,,,,,,,,,,,,,,,,,,,,,
,,,,,,,,,,,,,,,,,,,,,,,,,,,,,,,,,
,,,,,,,,,,,,,,,,,,,,,,,,,,,,,,,,,
,,,,,,,,,,,,,,,,,,,,,,,,,,,,,,,,,
,,,,,,,,,,,,,,,,,,,,,,,,,,,,,,,,,
,,,,,,,,,,,,,,,,,,,,,,,,,,,,,,,,,
,,,,,,,,,,,,,,,,,,,,,,,,,,,,,,,,,
,,,,,,,,,,,,,,,,,,,,,,,,,,,,,,,,,
,,,,,,,,,,,,,,,,,,,,,,,,,,,,,,,,,
,,,,,,,,,,,,,,,,,,,,,,,,,,,,,,,,,
,,,,,,,,,,,,,,,,,,,,,,,,,,,,,,,,,
,,,,,,,,,,,,,,,,,,,,,,,,,,,,,,,,,
,,,,,,,,,,,,,,,,,,,,,,,,,,,,,,,,,
,,,,,,,,,,,,,,,,,,,,,,,,,,,,,,,,,
,,,,,,,,,,,,,,,,,,,,,,,,,,,,,,,,,
,,,,,,,,,,,,,,,,,,,,,,,,,,,,,,,,,
,,,,,,,,,,,,,,,,,,,,,,,,,,,,,,,,,
,,,,,,,,,,,,,,,,,,,,,,,,,,,,,,,,,
,,,,,,,,,,,,,,,,,,,,,,,,,,,,,,,,,
,,,,,,,,,,,,,,,,,,,,,,,,,,,,,,,,,
,,,,,,,,,,,,,,,,,,,,,,,,,,,,,,,,,
,,,,,,,,,,,,,,,,,,,,,,,,,,,,,,,,,
,,,,,,,,,,,,,,,,,,,,,,,,,,,,,,,,,
,,,,,,,,,,,,,,,,,,,,,,,,,,,,,,,,,
,,,,,,,,,,,,,,,,,,,,,,,,,,,,,,,,,
,,,,,,,,,,,,,,,,,,,,,,,,,,,,,,,,,
,,,,,,,,,,,,,,,,,,,,,,,,,,,,,,,,,
,,,,,,,,,,,,,,,,,,,,,,,,,,,,,,,,,
,,,,,,,,,,,,,,,,,,,,,,,,,,,,,,,,,
,,,,,,,,,,,,,,,,,,,,,,,,,,,,,,,,,
,,,,,,,,,,,,,,,,,,,,,,,,,,,,,,,,,
,,,,,,,,,,,,,,,,,,,,,,,,,,,,,,,,,
,,,,,,,,,,,,,,,,,,,,,,,,,,,,,,,,,
,,,,,,,,,,,,,,,,,,,,,,,,,,,,,,,,,
,,,,,,,,,,,,,,,,,,,,,,,,,,,,,,,,,
,,,,,,,,,,,,,,,,,,,,,,,,,,,,,,,,,
,,,,,,,,,,,,,,,,,,,,,,,,,,,,,,,,,
,,,,,,,,,,,,,,,,,,,,,,,,,,,,,,,,,
,,,,,,,,,,,,,,,,,,,,,,,,,,,,,,,,,
,,,,,,,,,,,,,,,,,,,,,,,,,,,,,,,,,
,,,,,,,,,,,,,,,,,,,,,,,,,,,,,,,,,
,,,,,,,,,,,,,,,,,,,,,,,,,,,,,,,,,
,,,,,,,,,,,,,,,,,,,,,,,,,,,,,,,,,
,,,,,,,,,,,,,,,,,,,,,,,,,,,,,,,,,
,,,,,,,,,,,,,,,,,,,,,,,,,,,,,,,,,
,,,,,,,,,,,,,,,,,,,,,,,,,,,,,,,,,
,,,,,,,,,,,,,,,,,,,,,,,,,,,,,,,,,
,,,,,,,,,,,,,,,,,,,,,,,,,,,,,,,,,
,,,,,,,,,,,,,,,,,,,,,,,,,,,,,,,,,
,,,,,,,,,,,,,,,,,,,,,,,,,,,,,,,,,
,,,,,,,,,,,,,,,,,,,,,,,,,,,,,,,,,
,,,,,,,,,,,,,,,,,,,,,,,,,,,,,,,,,
,,,,,,,,,,,,,,,,,,,,,,,,,,,,,,,,,
,,,,,,,,,,,,,,,,,,,,,,,,,,,,,,,,,
,,,,,,,,,,,,,,,,,,,,,,,,,,,,,,,,,
,,,,,,,,,,,,,,,,,,,,,,,,,,,,,,,,,
,,,,,,,,,,,,,,,,,,,,,,,,,,,,,,,,,
,,,,,,,,,,,,,,,,,,,,,,,,,,,,,,,,,
,,,,,,,,,,,,,,,,,,,,,,,,,,,,,,,,,
,,,,,,,,,,,,,,,,,,,,,,,,,,,,,,,,,
,,,,,,,,,,,,,,,,,,,,,,,,,,,,,,,,,
,,,,,,,,,,,,,,,,,,,,,,,,,,,,,,,,,
,,,,,,,,,,,,,,,,,,,,,,,,,,,,,,,,,
,,,,,,,,,,,,,,,,,,,,,,,,,,,,,,,,,
,,,,,,,,,,,,,,,,,,,,,,,,,,,,,,,,,
,,,,,,,,,,,,,,,,,,,,,,,,,,,,,,,,,
,,,,,,,,,,,,,,,,,,,,,,,,,,,,,,,,,
,,,,,,,,,,,,,,,,,,,,,,,,,,,,,,,,,
,,,,,,,,,,,,,,,,,,,,,,,,,,,,,,,,,
,,,,,,,,,,,,,,,,,,,,,,,,,,,,,,,,,
,,,,,,,,,,,,,,,,,,,,,,,,,,,,,,,,,
,,,,,,,,,,,,,,,,,,,,,,,,,,,,,,,,,
,,,,,,,,,,,,,,,,,,,,,,,,,,,,,,,,,
,,,,,,,,,,,,,,,,,,,,,,,,,,,,,,,,,
,,,,,,,,,,,,,,,,,,,,,,,,,,,,,,,,,
,,,,,,,,,,,,,,,,,,,,,,,,,,,,,,,,,
,,,,,,,,,,,,,,,,,,,,,,,,,,,,,,,,,
,,,,,,,,,,,,,,,,,,,,,,,,,,,,,,,,,
,,,,,,,,,,,,,,,,,,,,,,,,,,,,,,,,,
,,,,,,,,,,,,,,,,,,,,,,,,,,,,,,,,,
,,,,,,,,,,,,,,,,,,,,,,,,,,,,,,,,,
,,,,,,,,,,,,,,,,,,,,,,,,,,,,,,,,,
,,,,,,,,,,,,,,,,,,,,,,,,,,,,,,,,,
,,,,,,,,,,,,,,,,,,,,,,,,,,,,,,,,,
,,,,,,,,,,,,,,,,,,,,,,,,,,,,,,,,,
,,,,,,,,,,,,,,,,,,,,,,,,,,,,,,,,,
,,,,,,,,,,,,,,,,,,,,,,,,,,,,,,,,,
,,,,,,,,,,,,,,,,,,,,,,,,,,,,,,,,,
,,,,,,,,,,,,,,,,,,,,,,,,,,,,,,,,,
,,,,,,,,,,,,,,,,,,,,,,,,,,,,,,,,,
,,,,,,,,,,,,,,,,,,,,,,,,,,,,,,,,,
,,,,,,,,,,,,,,,,,,,,,,,,,,,,,,,,,
,,,,,,,,,,,,,,,,,,,,,,,,,,,,,,,,,
,,,,,,,,,,,,,,,,,,,,,,,,,,,,,,,,,
,,,,,,,,,,,,,,,,,,,,,,,,,,,,,,,,,
,,,,,,,,,,,,,,,,,,,,,,,,,,,,,,,,,
,,,,,,,,,,,,,,,,,,,,,,,,,,,,,,,,,
,,,,,,,,,,,,,,,,,,,,,,,,,,,,,,,,,
,,,,,,,,,,,,,,,,,,,,,,,,,,,,,,,,,
,,,,,,,,,,,,,,,,,,,,,,,,,,,,,,,,,
,,,,,,,,,,,,,,,,,,,,,,,,,,,,,,,,,
,,,,,,,,,,,,,,,,,,,,,,,,,,,,,,,,,
,,,,,,,,,,,,,,,,,,,,,,,,,,,,,,,,,
,,,,,,,,,,,,,,,,,,,,,,,,,,,,,,,,,
,,,,,,,,,,,,,,,,,,,,,,,,,,,,,,,,,
,,,,,,,,,,,,,,,,,,,,,,,,,,,,,,,,,
,,,,,,,,,,,,,,,,,,,,,,,,,,,,,,,,,
,,,,,,,,,,,,,,,,,,,,,,,,,,,,,,,,,
,,,,,,,,,,,,,,,,,,,,,,,,,,,,,,,,,
,,,,,,,,,,,,,,,,,,,,,,,,,,,,,,,,,
,,,,,,,,,,,,,,,,,,,,,,,,,,,,,,,,,
,,,,,,,,,,,,,,,,,,,,,,,,,,,,,,,,,
,,,,,,,,,,,,,,,,,,,,,,,,,,,,,,,,,
,,,,,,,,,,,,,,,,,,,,,,,,,,,,,,,,,
,,,,,,,,,,,,,,,,,,,,,,,,,,,,,,,,,
,,,,,,,,,,,,,,,,,,,,,,,,,,,,,,,,,
,,,,,,,,,,,,,,,,,,,,,,,,,,,,,,,,,
,,,,,,,,,,,,,,,,,,,,,,,,,,,,,,,,,
,,,,,,,,,,,,,,,,,,,,,,,,,,,,,,,,,
,,,,,,,,,,,,,,,,,,,,,,,,,,,,,,,,,
,,,,,,,,,,,,,,,,,,,,,,,,,,,,,,,,,
,,,,,,,,,,,,,,,,,,,,,,,,,,,,,,,,,
,,,,,,,,,,,,,,,,,,,,,,,,,,,,,,,,,
,,,,,,,,,,,,,,,,,,,,,,,,,,,,,,,,,
,,,,,,,,,,,,,,,,,,,,,,,,,,,,,,,,,
,,,,,,,,,,,,,,,,,,,,,,,,,,,,,,,,,
,,,,,,,,,,,,,,,,,,,,,,,,,,,,,,,,,
,,,,,,,,,,,,,,,,,,,,,,,,,,,,,,,,,
,,,,,,,,,,,,,,,,,,,,,,,,,,,,,,,,,
,,,,,,,,,,,,,,,,,,,,,,,,,,,,,,,,,
,,,,,,,,,,,,,,,,,,,,,,,,,,,,,,,,,
,,,,,,,,,,,,,,,,,,,,,,,,,,,,,,,,,
,,,,,,,,,,,,,,,,,,,,,,,,,,,,,,,,,
,,,,,,,,,,,,,,,,,,,,,,,,,,,,,,,,,
,,,,,,,,,,,,,,,,,,,,,,,,,,,,,,,,,
,,,,,,,,,,,,,,,,,,,,,,,,,,,,,,,,,
,,,,,,,,,,,,,,,,,,,,,,,,,,,,,,,,,
,,,,,,,,,,,,,,,,,,,,,,,,,,,,,,,,,
,,,,,,,,,,,,,,,,,,,,,,,,,,,,,,,,,
,,,,,,,,,,,,,,,,,,,,,,,,,,,,,,,,,
,,,,,,,,,,,,,,,,,,,,,,,,,,,,,,,,,
,,,,,,,,,,,,,,,,,,,,,,,,,,,,,,,,,
,,,,,,,,,,,,,,,,,,,,,,,,,,,,,,,,,
,,,,,,,,,,,,,,,,,,,,,,,,,,,,,,,,,
,,,,,,,,,,,,,,,,,,,,,,,,,,,,,,,,,
,,,,,,,,,,,,,,,,,,,,,,,,,,,,,,,,,
,,,,,,,,,,,,,,,,,,,,,,,,,,,,,,,,,
,,,,,,,,,,,,,,,,,,,,,,,,,,,,,,,,,